--
-- PostgreSQL database dump
--

-- Dumped from database version 12.4 (Ubuntu 12.4-1.pgdg18.04+1)
-- Dumped by pg_dump version 12.4 (Ubuntu 12.4-1.pgdg18.04+1)

SET statement_timeout = 0;
SET lock_timeout = 0;
SET idle_in_transaction_session_timeout = 0;
SET client_encoding = 'UTF8';
SET standard_conforming_strings = on;
SELECT pg_catalog.set_config('search_path', '', false);
SET check_function_bodies = false;
SET xmloption = content;
SET client_min_messages = warning;
SET row_security = off;

--
-- Name: pgcrypto; Type: EXTENSION; Schema: -; Owner: -
--

CREATE EXTENSION IF NOT EXISTS pgcrypto WITH SCHEMA public;


--
-- Name: EXTENSION pgcrypto; Type: COMMENT; Schema: -; Owner: 
--

COMMENT ON EXTENSION pgcrypto IS 'cryptographic functions';


--
-- Name: uuid-ossp; Type: EXTENSION; Schema: -; Owner: -
--

CREATE EXTENSION IF NOT EXISTS "uuid-ossp" WITH SCHEMA public;


--
-- Name: EXTENSION "uuid-ossp"; Type: COMMENT; Schema: -; Owner: 
--

COMMENT ON EXTENSION "uuid-ossp" IS 'generate universally unique identifiers (UUIDs)';


SET default_tablespace = '';

SET default_table_access_method = heap;

--
-- Name: active_storage_attachments; Type: TABLE; Schema: public; Owner: sdbmich
--

CREATE TABLE public.active_storage_attachments (
    id uuid DEFAULT public.gen_random_uuid() NOT NULL,
    name character varying NOT NULL,
    record_type character varying NOT NULL,
    record_id uuid NOT NULL,
    blob_id uuid NOT NULL,
    created_at timestamp without time zone NOT NULL
);


ALTER TABLE public.active_storage_attachments OWNER TO sdbmich;

--
-- Name: active_storage_blobs; Type: TABLE; Schema: public; Owner: sdbmich
--

CREATE TABLE public.active_storage_blobs (
    id uuid DEFAULT public.gen_random_uuid() NOT NULL,
    key character varying NOT NULL,
    filename character varying NOT NULL,
    content_type character varying,
    metadata text,
    byte_size bigint NOT NULL,
    checksum character varying NOT NULL,
    created_at timestamp without time zone NOT NULL
);


ALTER TABLE public.active_storage_blobs OWNER TO sdbmich;

--
-- Name: addresses; Type: TABLE; Schema: public; Owner: sdbmich
--

CREATE TABLE public.addresses (
    id uuid DEFAULT public.gen_random_uuid() NOT NULL,
    street character varying,
    street2 character varying,
    city character varying,
    state character varying,
    zip character varying,
    addressable_type character varying NOT NULL,
    addressable_id uuid NOT NULL,
    created_at timestamp without time zone NOT NULL,
    updated_at timestamp without time zone NOT NULL,
    home_phone character varying,
    work_phone character varying,
    mobile_phone character varying,
    address_type character varying,
    country character varying
);


ALTER TABLE public.addresses OWNER TO sdbmich;

--
-- Name: ar_internal_metadata; Type: TABLE; Schema: public; Owner: sdbmich
--

CREATE TABLE public.ar_internal_metadata (
    key character varying NOT NULL,
    value character varying,
    created_at timestamp without time zone NOT NULL,
    updated_at timestamp without time zone NOT NULL
);


ALTER TABLE public.ar_internal_metadata OWNER TO sdbmich;

--
-- Name: bcaf_settings; Type: TABLE; Schema: public; Owner: sdbmich
--

CREATE TABLE public.bcaf_settings (
    id uuid DEFAULT public.gen_random_uuid() NOT NULL,
    logo_url character varying,
    image_url character varying,
    slogan character varying,
    tagline character varying,
    created_at timestamp without time zone NOT NULL,
    updated_at timestamp without time zone NOT NULL,
    selection_image_url character varying
);


ALTER TABLE public.bcaf_settings OWNER TO sdbmich;

--
-- Name: borrowed_items; Type: TABLE; Schema: public; Owner: sdbmich
--

CREATE TABLE public.borrowed_items (
    id uuid DEFAULT public.gen_random_uuid() NOT NULL,
    quantity integer,
    amount double precision,
    due_date timestamp without time zone,
    library_item_id uuid,
    membership_id uuid,
    created_at timestamp without time zone NOT NULL,
    updated_at timestamp without time zone NOT NULL,
    status character varying
);


ALTER TABLE public.borrowed_items OWNER TO sdbmich;

--
-- Name: favorite_items; Type: TABLE; Schema: public; Owner: sdbmich
--

CREATE TABLE public.favorite_items (
    id uuid DEFAULT public.gen_random_uuid() NOT NULL,
    membership_id uuid,
    library_item_id uuid,
    status character varying DEFAULT 'active'::character varying NOT NULL,
    created_at timestamp without time zone NOT NULL,
    updated_at timestamp without time zone NOT NULL
);


ALTER TABLE public.favorite_items OWNER TO sdbmich;

--
-- Name: featured_items; Type: TABLE; Schema: public; Owner: sdbmich
--

CREATE TABLE public.featured_items (
    id uuid DEFAULT public.gen_random_uuid() NOT NULL,
    library_item_id uuid,
    image_url character varying,
    created_at timestamp without time zone NOT NULL,
    updated_at timestamp without time zone NOT NULL
);


ALTER TABLE public.featured_items OWNER TO sdbmich;

--
-- Name: images; Type: TABLE; Schema: public; Owner: sdbmich
--

CREATE TABLE public.images (
    id uuid DEFAULT public.gen_random_uuid() NOT NULL,
    picture_file_name character varying,
    picture_file_size integer,
    picture_content_type character varying,
    picture_updated_at timestamp without time zone,
    imageable_type character varying NOT NULL,
    imageable_id uuid NOT NULL,
    created_at timestamp without time zone NOT NULL,
    updated_at timestamp without time zone NOT NULL
);


ALTER TABLE public.images OWNER TO sdbmich;

--
-- Name: invoice_details; Type: TABLE; Schema: public; Owner: sdbmich
--

CREATE TABLE public.invoice_details (
    id uuid DEFAULT public.gen_random_uuid() NOT NULL,
    borrow_date timestamp without time zone,
    amount double precision,
    quantity integer,
    borrowed_item_id uuid,
    invoice_id uuid,
    created_at timestamp without time zone NOT NULL,
    updated_at timestamp without time zone NOT NULL
);


ALTER TABLE public.invoice_details OWNER TO sdbmich;

--
-- Name: invoices; Type: TABLE; Schema: public; Owner: sdbmich
--

CREATE TABLE public.invoices (
    id uuid DEFAULT public.gen_random_uuid() NOT NULL,
    total double precision,
    invoice_no character varying,
    library_id uuid,
    created_at timestamp without time zone NOT NULL,
    updated_at timestamp without time zone NOT NULL,
    status character varying,
    due_date date
);


ALTER TABLE public.invoices OWNER TO sdbmich;

--
-- Name: items; Type: TABLE; Schema: public; Owner: sdbmich
--

CREATE TABLE public.items (
    id uuid DEFAULT public.gen_random_uuid() NOT NULL,
    title character varying DEFAULT ''::character varying NOT NULL,
    description text,
    publisher_name character varying,
    publish_date date,
    created_at timestamp without time zone NOT NULL,
    updated_at timestamp without time zone NOT NULL,
    amount double precision,
    page_count integer,
    volume_no character varying,
    age_rating character varying,
    name character varying,
    issue_no character varying,
    cover_date date,
    "cast" text,
    writer_team text,
    pencil_team text,
    ink_team text,
    color_team text,
    letter_team text,
    editor_team text,
    cover_art_team text,
    issue_url character varying,
    cover_url character varying,
    status character varying
);


ALTER TABLE public.items OWNER TO sdbmich;

--
-- Name: libraries; Type: TABLE; Schema: public; Owner: sdbmich
--

CREATE TABLE public.libraries (
    id uuid DEFAULT public.gen_random_uuid() NOT NULL,
    name character varying DEFAULT ''::character varying NOT NULL,
    created_at timestamp without time zone NOT NULL,
    updated_at timestamp without time zone NOT NULL,
    email character varying,
    status character varying,
    url character varying,
    access_token character varying,
    access_key character varying,
    access_url character varying,
    select_image_url character varying,
    login_image_url character varying,
    logo_url character varying,
    domain character varying,
    pin_url character varying
);


ALTER TABLE public.libraries OWNER TO sdbmich;

--
-- Name: library_cards; Type: TABLE; Schema: public; Owner: sdbmich
--

CREATE TABLE public.library_cards (
    id uuid DEFAULT public.gen_random_uuid() NOT NULL,
    library_key character varying,
    card_id character varying,
    library_name character varying,
    member_name character varying,
    access_token character varying,
    created_at timestamp without time zone NOT NULL,
    updated_at timestamp without time zone NOT NULL
);


ALTER TABLE public.library_cards OWNER TO sdbmich;

--
-- Name: library_items; Type: TABLE; Schema: public; Owner: sdbmich
--

CREATE TABLE public.library_items (
    id uuid DEFAULT public.gen_random_uuid() NOT NULL,
    library_id uuid,
    item_id uuid,
    status character varying,
    created_at timestamp without time zone NOT NULL,
    updated_at timestamp without time zone NOT NULL,
    amount double precision,
    isbn character varying,
    language character varying
);


ALTER TABLE public.library_items OWNER TO sdbmich;

--
-- Name: library_settings; Type: TABLE; Schema: public; Owner: sdbmich
--

CREATE TABLE public.library_settings (
    id uuid DEFAULT public.gen_random_uuid() NOT NULL,
    borrow_days integer,
    max_item_quantity integer,
    max_borrow_quantity integer,
    library_id uuid,
    created_at timestamp without time zone NOT NULL,
    updated_at timestamp without time zone NOT NULL
);


ALTER TABLE public.library_settings OWNER TO sdbmich;

--
-- Name: library_users; Type: TABLE; Schema: public; Owner: sdbmich
--

CREATE TABLE public.library_users (
    id uuid DEFAULT public.gen_random_uuid() NOT NULL,
    user_id uuid,
    library_id uuid,
    created_at timestamp without time zone NOT NULL,
    updated_at timestamp without time zone NOT NULL
);


ALTER TABLE public.library_users OWNER TO sdbmich;

--
-- Name: memberships; Type: TABLE; Schema: public; Owner: sdbmich
--

CREATE TABLE public.memberships (
    id uuid DEFAULT public.gen_random_uuid() NOT NULL,
    card_no character varying,
    status character varying,
    library_id uuid,
    user_id uuid,
    created_at timestamp without time zone NOT NULL,
    updated_at timestamp without time zone NOT NULL,
    membership_type character varying
);


ALTER TABLE public.memberships OWNER TO sdbmich;

--
-- Name: roles; Type: TABLE; Schema: public; Owner: sdbmich
--

CREATE TABLE public.roles (
    id uuid DEFAULT public.gen_random_uuid() NOT NULL,
    name character varying,
    resource_type character varying,
    resource_id bigint,
    created_at timestamp without time zone NOT NULL,
    updated_at timestamp without time zone NOT NULL
);


ALTER TABLE public.roles OWNER TO sdbmich;

--
-- Name: schema_migrations; Type: TABLE; Schema: public; Owner: sdbmich
--

CREATE TABLE public.schema_migrations (
    version character varying NOT NULL
);


ALTER TABLE public.schema_migrations OWNER TO sdbmich;

--
-- Name: users; Type: TABLE; Schema: public; Owner: sdbmich
--

CREATE TABLE public.users (
    id uuid DEFAULT public.gen_random_uuid() NOT NULL,
    first_name character varying,
    last_name character varying,
    created_at timestamp without time zone NOT NULL,
    updated_at timestamp without time zone NOT NULL,
    email character varying DEFAULT ''::character varying NOT NULL,
    encrypted_password character varying DEFAULT ''::character varying NOT NULL,
    reset_password_token character varying,
    reset_password_sent_at timestamp without time zone,
    remember_created_at timestamp without time zone,
    sign_in_count integer DEFAULT 0 NOT NULL,
    current_sign_in_at timestamp without time zone,
    last_sign_in_at timestamp without time zone,
    current_sign_in_ip inet,
    last_sign_in_ip inet,
    authentication_token character varying(30),
    status character varying
);


ALTER TABLE public.users OWNER TO sdbmich;

--
-- Name: users_roles; Type: TABLE; Schema: public; Owner: sdbmich
--

CREATE TABLE public.users_roles (
    user_id uuid,
    role_id uuid
);


ALTER TABLE public.users_roles OWNER TO sdbmich;

--
-- Data for Name: active_storage_attachments; Type: TABLE DATA; Schema: public; Owner: sdbmich
--

COPY public.active_storage_attachments (id, name, record_type, record_id, blob_id, created_at) FROM stdin;
\.


--
-- Data for Name: active_storage_blobs; Type: TABLE DATA; Schema: public; Owner: sdbmich
--

COPY public.active_storage_blobs (id, key, filename, content_type, metadata, byte_size, checksum, created_at) FROM stdin;
\.


--
-- Data for Name: addresses; Type: TABLE DATA; Schema: public; Owner: sdbmich
--

COPY public.addresses (id, street, street2, city, state, zip, addressable_type, addressable_id, created_at, updated_at, home_phone, work_phone, mobile_phone, address_type, country) FROM stdin;
c3bf95be-cb63-47dd-96e2-4560f6e49f91	100 Larkin Street	\N	San Francisco	CA	94101	Library	5b19296f-4edd-4355-b5db-bfd47b33f972	2020-01-13 05:36:07.552441	2020-01-13 05:36:07.552441	\N	\N	\N	\N	\N
35faff24-5280-4fb2-93f2-31824b545be4	100 Union Street	\N	Los Angeles	CA	90019	Library	c980efe7-7c59-4e03-9f41-614ddd293e34	2020-01-13 05:36:07.561107	2020-01-13 05:36:07.561107	\N	\N	\N	\N	\N
a5bf682d-90d6-4db8-8d8e-de898ee72050	100 Peachtree Ave	\N	Atlanta	GA	30033	Library	0dbcd934-390a-4891-98c5-7ffcd2236848	2020-01-13 05:36:07.570371	2020-01-13 05:36:07.570371	\N	\N	\N	\N	\N
\.


--
-- Data for Name: ar_internal_metadata; Type: TABLE DATA; Schema: public; Owner: sdbmich
--

COPY public.ar_internal_metadata (key, value, created_at, updated_at) FROM stdin;
environment	development	2019-12-22 19:09:43.249795	2019-12-22 19:09:43.249795
\.


--
-- Data for Name: bcaf_settings; Type: TABLE DATA; Schema: public; Owner: sdbmich
--

COPY public.bcaf_settings (id, logo_url, image_url, slogan, tagline, created_at, updated_at, selection_image_url) FROM stdin;
bac1ae29-0324-4bc0-b595-0ce4c3ef37b3	https://bcaf-comic-streaming-titles.s3-us-west-1.amazonaws.com/bcaf-digital-images/bcafDigitalLogo-00aeef.png	https://bcaf-comic-streaming-titles.s3-us-west-1.amazonaws.com/bcaf-digital-images/poster2Final-2k1500.jpg	Welcome to BCAF.digital!	Black & Brown Comix Arts Festival online digital comics.	2020-09-01 05:16:37.802992	2020-09-02 16:02:34.001867	https://bcaf-comic-streaming-titles.s3-us-west-1.amazonaws.com/bcaf-digital-images/GoldenGateBridge-001-1500.jpg
\.


--
-- Data for Name: borrowed_items; Type: TABLE DATA; Schema: public; Owner: sdbmich
--

COPY public.borrowed_items (id, quantity, amount, due_date, library_item_id, membership_id, created_at, updated_at, status) FROM stdin;
7a7dcbbe-a026-4664-8f11-c2e1af5bc9b4	1	9.99	2020-05-23 03:20:58.930626	53ba37c1-fa1f-4425-9fd5-6285b1e9e815	9be60285-1d62-4395-bf73-916dd5426d05	2020-05-02 03:20:58.970398	2020-05-06 02:56:40.686563	returned
02d8b4fc-2431-4bb7-8a70-ab2b7a48dca3	1	9.99	2020-05-27 02:56:04.424211	ed4609a1-3700-4acb-9851-6a20676f99d0	9be60285-1d62-4395-bf73-916dd5426d05	2020-05-06 02:56:04.574161	2020-05-25 05:31:27.359483	returned
b40b43bf-05cf-4673-b057-a881715cd826	1	9.99	2020-06-15 19:20:46.544932	ed4609a1-3700-4acb-9851-6a20676f99d0	9be60285-1d62-4395-bf73-916dd5426d05	2020-05-25 19:20:46.714591	2020-05-25 19:40:20.839828	returned
0519ad1c-f41d-4aeb-99b2-a2293520691c	1	9.99	2020-05-24 16:31:30.534282	1907759f-126d-4d2b-8547-e0eadd96a334	9be60285-1d62-4395-bf73-916dd5426d05	2020-05-03 16:31:30.571448	2020-05-27 05:32:50.947101	returned
36208840-a478-40ac-96f0-6eaa1607be3f	1	9.99	2020-06-15 04:58:59.15329	57dc97de-07de-4967-b4cb-67f773262dcd	9be60285-1d62-4395-bf73-916dd5426d05	2020-05-25 04:58:59.161887	2020-05-27 05:33:05.507427	returned
c4b47dd2-2715-4fef-8cbf-456c3b38de97	1	9.99	2020-05-17 00:01:50.378931	1059a702-2646-4e49-92f4-0aa138e07583	9be60285-1d62-4395-bf73-916dd5426d05	2020-04-26 00:01:50.414616	2020-05-29 20:31:15.479619	returned
746d14a7-811f-4391-9264-07320c2ef06c	1	9.99	2020-06-21 01:08:54.96744	85924334-c415-447c-8e31-3bccd36e88a5	9be60285-1d62-4395-bf73-916dd5426d05	2020-05-31 01:08:54.973059	2020-05-31 01:11:32.646711	returned
00144509-8f27-4a56-921e-8850831814ec	1	9.99	2020-06-15 03:10:18.353899	2baae293-a915-4bf9-a594-250bb65c0e25	9be60285-1d62-4395-bf73-916dd5426d05	2020-05-25 03:10:18.428233	2020-06-20 03:53:54.231887	returned
aa460bf9-349c-44e8-9d7b-9e49eb4950d7	1	9.99	2020-06-15 03:29:22.465086	53ba37c1-fa1f-4425-9fd5-6285b1e9e815	9be60285-1d62-4395-bf73-916dd5426d05	2020-05-25 03:29:22.473386	2020-06-20 03:53:56.533062	returned
c0c96b9c-0d2f-4d35-9a98-de8ebd23ef24	1	9.99	2020-06-15 19:41:13.305234	ed4609a1-3700-4acb-9851-6a20676f99d0	9be60285-1d62-4395-bf73-916dd5426d05	2020-05-25 19:41:13.319537	2020-06-20 03:56:03.527074	returned
5cb84de4-cf28-4827-9dc8-7cc16892980f	1	9.99	2020-06-15 04:38:38.980916	41e876c8-9156-4bb2-90fd-f1b0baa4a85a	9be60285-1d62-4395-bf73-916dd5426d05	2020-05-25 04:38:38.990035	2020-06-20 04:14:10.012158	returned
15635c12-ff75-4710-a48c-35595e978838	1	9.99	2020-06-15 05:10:58.117192	0f1ea90e-750c-45c5-b729-ed68ffe97109	9be60285-1d62-4395-bf73-916dd5426d05	2020-05-25 05:10:58.130615	2020-06-28 00:24:16.473391	returned
a93219a5-2af0-4f0e-8adf-add3fb37545b	1	9.99	2020-06-15 16:59:09.193745	11590759-67d9-4185-818b-17e8f326d6bb	9be60285-1d62-4395-bf73-916dd5426d05	2020-05-25 16:59:09.237593	2020-06-28 00:24:18.250601	returned
4df2775a-ceb0-4cac-8b45-492f0e12c630	1	9.99	2020-06-15 18:43:39.947643	d36bea46-f9e0-4e0b-ac5e-25dd12a4ce5b	9be60285-1d62-4395-bf73-916dd5426d05	2020-05-25 18:43:39.98129	2020-06-28 00:24:19.38227	returned
359b7d13-692e-4755-acd4-7093ff33f50d	1	9.99	2020-06-15 19:40:57.838753	b61197b0-7ac2-46ec-8961-b5c4000a7f19	9be60285-1d62-4395-bf73-916dd5426d05	2020-05-25 19:40:57.879219	2020-06-28 00:24:20.29708	returned
43461863-31fc-4b48-a36b-26f31380f800	1	9.99	2020-06-18 19:29:16.204261	b81f3ec6-5926-4373-bcb8-223ba4325624	9be60285-1d62-4395-bf73-916dd5426d05	2020-05-28 19:29:16.258672	2020-06-28 00:24:51.725466	returned
f956a325-6c18-4356-97f5-5e737cc76f26	1	9.99	2020-06-18 19:36:06.552252	be7e0056-cf43-429f-9e97-23686df0fcc6	9be60285-1d62-4395-bf73-916dd5426d05	2020-05-28 19:36:06.57033	2020-06-28 00:24:52.582851	returned
9082e583-d279-460d-b59b-ad3603deda09	1	9.99	2020-06-19 16:43:16.891465	1907759f-126d-4d2b-8547-e0eadd96a334	9be60285-1d62-4395-bf73-916dd5426d05	2020-05-29 16:43:16.921036	2020-06-28 00:24:56.578427	returned
adb80184-c101-4100-829b-107e774484b4	1	9.99	2020-06-19 16:50:44.124469	58708c51-0dfd-4860-96e5-45b43d10ad2b	9be60285-1d62-4395-bf73-916dd5426d05	2020-05-29 16:50:44.132925	2020-06-28 00:25:12.920995	returned
a963558c-6f3a-4885-a81e-e0c2e8ce4742	1	9.99	2020-06-19 17:21:17.452977	4fc8398e-721c-4810-b729-870fd5f9766c	9be60285-1d62-4395-bf73-916dd5426d05	2020-05-29 17:21:17.479669	2020-06-28 00:25:13.799906	returned
94f3daf8-f76a-4423-a226-baf8ffe552c9	1	9.99	2020-06-21 01:07:50.856597	4cc4ae11-d8dc-4109-a94a-ed49062b91d7	9be60285-1d62-4395-bf73-916dd5426d05	2020-05-31 01:07:50.9941	2020-06-28 00:25:16.303036	returned
011f8385-e703-4872-af0a-4ca74726f930	1	9.99	2020-06-21 01:10:55.009468	109490f6-d42f-4284-8d5b-ebf9d52a3c24	9be60285-1d62-4395-bf73-916dd5426d05	2020-05-31 01:10:55.021217	2020-06-28 00:25:16.988156	returned
917b19ee-349c-4246-8189-1918bc53661f	1	9.99	2020-06-29 03:47:34.740738	3823d5d5-5cc3-45da-9cc0-97c2404ade75	9be60285-1d62-4395-bf73-916dd5426d05	2020-06-08 03:47:34.765213	2020-06-30 21:51:20.711102	returned
d0922f86-9593-4c56-9faa-0287a9ba6125	1	9.99	2020-07-11 03:53:25.077747	57dc97de-07de-4967-b4cb-67f773262dcd	9be60285-1d62-4395-bf73-916dd5426d05	2020-06-20 03:53:25.083869	2020-07-01 20:32:04.863748	returned
e1122377-c6d3-4fdf-96b9-61094ece1fec	1	9.99	2020-07-22 20:32:46.333835	b61197b0-7ac2-46ec-8961-b5c4000a7f19	9be60285-1d62-4395-bf73-916dd5426d05	2020-07-01 20:32:46.341765	2020-07-01 20:32:46.341765	active
b43e790f-74d4-409f-af3b-1c92d1527950	1	9.99	2020-07-22 21:16:20.27911	710b67a6-99f3-45b2-9234-1ffbac1444c2	9be60285-1d62-4395-bf73-916dd5426d05	2020-07-01 21:16:20.320258	2020-07-01 21:16:20.320258	active
1a2556f1-c14f-4867-8e25-655c78db5bb5	1	9.99	2020-07-11 03:51:42.709319	1059a702-2646-4e49-92f4-0aa138e07583	9be60285-1d62-4395-bf73-916dd5426d05	2020-06-20 03:51:42.778676	2020-07-01 21:24:52.075366	returned
ea4236de-19df-4530-851b-b287bd99456b	1	9.99	2020-07-28 23:29:32.616794	05b7f1ea-40f0-4731-94a0-472911239a54	9be60285-1d62-4395-bf73-916dd5426d05	2020-07-07 23:29:32.653511	2020-07-07 23:29:32.653511	active
50169c3c-1540-46df-ae1d-c70c7078db59	1	9.99	2020-07-10 05:11:11.916318	d88c360c-1654-4d46-8122-515b1b3ec044	9be60285-1d62-4395-bf73-916dd5426d05	2020-06-19 05:11:11.95598	2020-07-16 05:17:44.477398	returned
bd2c7135-70d5-4311-8a46-b7e8c5429309	1	9.99	2020-07-11 04:14:26.341887	53ba37c1-fa1f-4425-9fd5-6285b1e9e815	9be60285-1d62-4395-bf73-916dd5426d05	2020-06-20 04:14:26.349241	2020-07-16 05:18:06.864652	returned
f261efb4-79d1-4b76-8049-8f51a9aeea9a	1	9.99	2020-08-06 05:49:44.71074	53ba37c1-fa1f-4425-9fd5-6285b1e9e815	9be60285-1d62-4395-bf73-916dd5426d05	2020-07-16 05:49:44.716989	2020-07-16 05:49:44.716989	active
65184e53-d7a7-4033-b236-2b517ed47e99	1	9.99	2020-08-14 04:13:05.614162	85924334-c415-447c-8e31-3bccd36e88a5	9be60285-1d62-4395-bf73-916dd5426d05	2020-07-24 04:13:05.653889	2020-07-24 04:13:05.653889	active
446bbe1b-57de-4a8b-8acb-5557cf3de63a	1	9.99	2020-08-16 02:18:26.159606	ba96ae6c-234d-4814-8e84-8d4507d30f89	9be60285-1d62-4395-bf73-916dd5426d05	2020-07-26 02:18:26.166598	2020-07-26 02:18:26.166598	active
203435fb-c343-4480-8754-a3bcc1e51184	1	9.99	2020-09-19 20:13:14.87096	06d4d83e-e768-4394-8237-6eb59ead44f4	23b600d6-8026-4d6b-9633-fc36642cea2a	2020-08-29 20:13:14.944065	2020-08-29 20:13:14.944065	active
cc45666e-f64a-442c-8db3-ec89cf4644c3	1	9.99	2020-09-19 23:05:40.99257	f2445d65-e684-4b4d-a1c4-15ad82c26745	23b600d6-8026-4d6b-9633-fc36642cea2a	2020-08-29 23:05:41.013048	2020-08-29 23:05:41.013048	active
7da2e7ad-c204-496d-9289-922c03e76988	1	9.99	2020-09-19 23:39:05.796982	06d420f9-a636-4d49-9bb7-56773f6efe8f	23b600d6-8026-4d6b-9633-fc36642cea2a	2020-08-29 23:39:05.804709	2020-08-29 23:42:01.789757	returned
74a7990d-d292-482f-8fe0-635335879520	1	9.99	2020-09-19 23:17:29.797747	021b6a14-92c7-4f91-9750-27a53e8dcb96	23b600d6-8026-4d6b-9633-fc36642cea2a	2020-08-29 23:17:29.809133	2020-08-29 23:43:21.845677	returned
fd7d3e6a-ba46-4ce3-901e-1278c3c935fa	1	9.99	2020-09-19 23:43:42.723563	021b6a14-92c7-4f91-9750-27a53e8dcb96	23b600d6-8026-4d6b-9633-fc36642cea2a	2020-08-29 23:43:42.729695	2020-08-29 23:45:54.596121	returned
aed4a6b2-df12-4f17-8c58-24f751f91abd	1	9.99	2020-09-19 23:46:19.285232	021b6a14-92c7-4f91-9750-27a53e8dcb96	23b600d6-8026-4d6b-9633-fc36642cea2a	2020-08-29 23:46:19.295948	2020-08-29 23:50:42.438957	returned
31d26786-6131-4e60-82c3-b4fa3ac87c85	1	9.99	2020-09-19 23:54:49.031497	021b6a14-92c7-4f91-9750-27a53e8dcb96	23b600d6-8026-4d6b-9633-fc36642cea2a	2020-08-29 23:54:49.039976	2020-08-30 03:35:53.345266	returned
63cc0e42-57b4-4ad8-8e82-7fa7b4793579	1	9.99	2020-09-20 03:37:27.065704	02b60101-bfba-424f-9018-0b2819fee8bb	23b600d6-8026-4d6b-9633-fc36642cea2a	2020-08-30 03:37:27.073123	2020-08-30 03:37:27.073123	active
cc13eaee-7055-4722-bfe7-f421c26b8e78	1	9.99	2020-09-24 21:32:25.346201	114df5be-573f-445e-8c41-f2445b0255ff	9be60285-1d62-4395-bf73-916dd5426d05	2020-09-03 21:32:25.376434	2020-09-03 21:32:25.376434	active
118b99bc-e4e1-4bda-9077-a060692f5985	1	9.99	2020-07-19 16:53:21.643375	dff351fe-9fc6-4781-b012-e4f2987934e8	9be60285-1d62-4395-bf73-916dd5426d05	2020-06-28 16:53:21.70633	2020-09-03 21:32:57.856189	returned
e4dbdaf1-eaee-4bf1-85f9-fff004ce6f59	1	9.99	2020-07-21 21:42:39.573504	2baae293-a915-4bf9-a594-250bb65c0e25	9be60285-1d62-4395-bf73-916dd5426d05	2020-06-30 21:42:39.708957	2020-09-04 05:21:42.896171	returned
cd85f171-882c-453c-9a96-d092364ea5f6	1	9.99	2020-09-25 06:33:01.788574	92f9b71d-f0a2-4472-9115-66b58a288fa3	9be60285-1d62-4395-bf73-916dd5426d05	2020-09-04 06:33:01.798825	2020-09-04 06:40:42.161126	returned
c7b5a462-c1e1-49b1-b64f-09d6b76f038b	1	9.99	2020-09-30 00:17:29.783595	0be56d6c-c9dd-4e55-b6a4-d9d44b0b98bc	23b600d6-8026-4d6b-9633-fc36642cea2a	2020-09-09 00:17:29.812169	2020-09-09 00:17:29.812169	active
\.


--
-- Data for Name: favorite_items; Type: TABLE DATA; Schema: public; Owner: sdbmich
--

COPY public.favorite_items (id, membership_id, library_item_id, status, created_at, updated_at) FROM stdin;
43365600-29d7-4fc3-b3d0-c5f3c163c511	04b8d223-fbcc-41a8-8b32-5e9ac9a69755	0034d29a-b778-4852-9601-47fe26e4760e	active	2020-06-07 06:05:22.711197	2020-06-07 06:05:22.711197
f99df57a-c2c3-40d7-a8dd-4bf25d87a039	9be60285-1d62-4395-bf73-916dd5426d05	67999889-0e16-48dd-863e-309053fe9c82	active	2020-06-08 03:02:15.283993	2020-06-08 03:02:15.283993
11abac95-97f4-41a6-8656-38ba3c28362b	9be60285-1d62-4395-bf73-916dd5426d05	ba96ae6c-234d-4814-8e84-8d4507d30f89	active	2020-06-08 03:08:45.276262	2020-06-08 03:08:45.276262
e7e46acc-fe92-458f-9c60-b9462a7aa6ca	9be60285-1d62-4395-bf73-916dd5426d05	dff351fe-9fc6-4781-b012-e4f2987934e8	inactive	2020-06-08 02:21:31.951682	2020-06-10 03:45:45.90664
64a00466-5087-45b3-9948-e728f561ba91	9be60285-1d62-4395-bf73-916dd5426d05	4e62577c-b675-41ad-b5d8-c432d09d41c6	inactive	2020-06-08 03:17:02.40384	2020-06-13 03:16:16.270329
9c1693c0-3580-4197-865e-3d1aa0c92cf7	9be60285-1d62-4395-bf73-916dd5426d05	67999889-0e16-48dd-863e-309053fe9c82	inactive	2020-06-08 03:01:58.966145	2020-06-13 03:55:42.369542
48f17dee-5a58-4b4c-8a44-4b989b783da4	9be60285-1d62-4395-bf73-916dd5426d05	2baae293-a915-4bf9-a594-250bb65c0e25	active	2020-07-26 04:03:52.396549	2020-07-26 04:03:52.396549
dfcc36ed-dc62-4417-a77c-af5df22ebe15	9be60285-1d62-4395-bf73-916dd5426d05	ed4609a1-3700-4acb-9851-6a20676f99d0	inactive	2020-06-20 04:27:47.869119	2020-07-26 04:04:05.848009
e1830cb9-86d6-490c-be83-ba4bb3afde46	9be60285-1d62-4395-bf73-916dd5426d05	114df5be-573f-445e-8c41-f2445b0255ff	inactive	2020-06-08 02:28:18.124288	2020-07-26 04:24:21.419832
9e4d1a7e-1fc0-497b-af9f-03c657ccfe8b	9be60285-1d62-4395-bf73-916dd5426d05	b61197b0-7ac2-46ec-8961-b5c4000a7f19	active	2020-07-26 04:41:56.531633	2020-07-26 04:41:56.531633
8cc1804b-48ec-41cf-b626-a8e5d9d89765	9be60285-1d62-4395-bf73-916dd5426d05	d36bea46-f9e0-4e0b-ac5e-25dd12a4ce5b	active	2020-07-26 04:42:55.616724	2020-07-26 04:42:55.616724
6955c284-c7bf-4ca1-af4c-054bc9454765	9be60285-1d62-4395-bf73-916dd5426d05	1059a702-2646-4e49-92f4-0aa138e07583	active	2020-07-26 04:02:30.216839	2020-07-26 04:47:24.147693
98a51ab9-4b51-4256-92ab-0116662d9244	23b600d6-8026-4d6b-9633-fc36642cea2a	28e12302-33c0-49cb-9718-08df88b683b2	active	2020-09-07 05:46:41.749072	2020-09-07 05:46:41.749072
\.


--
-- Data for Name: featured_items; Type: TABLE DATA; Schema: public; Owner: sdbmich
--

COPY public.featured_items (id, library_item_id, image_url, created_at, updated_at) FROM stdin;
826b5977-4449-4b5d-a5cb-0ebdda3e1175	7e5c4849-cac8-4d59-b38c-a04fe0449dc4	https://bcaf-comic-streaming-titles.s3-us-west-1.amazonaws.com/bcaf-digital-images/Accell%2B003-000-titleImg.jpg	2020-07-04 03:08:40.330476	2020-07-04 03:08:40.330476
248ed74a-a15a-4da2-b094-44aae1328fec	9fdebbb1-f716-4e5b-9b5a-a377b0efa390	https://bcaf-comic-streaming-titles.s3-us-west-1.amazonaws.com/bcaf-digital-images/Accell%2B003-000-titleImg.jpg	2020-07-04 03:08:40.349097	2020-07-04 03:08:40.349097
e5a8eb0b-6254-479b-99c7-80f6f722dce0	83055998-f4de-4a3c-a0e3-571a2c785a68	https://bcaf-comic-streaming-titles.s3-us-west-1.amazonaws.com/bcaf-digital-images/Accell%2B003-000-titleImg.jpg	2020-07-04 03:08:40.353839	2020-07-04 03:08:40.353839
edbeb82f-b4d5-46cd-8673-65606c59d135	81d9f705-5b07-46cb-918d-1c491115cad1	https://bcaf-comic-streaming-titles.s3-us-west-1.amazonaws.com/bcaf-digital-images/Captain%2BAmerica%2B-%2BSam%2BWilson%2B010-titleImg.jpg	2020-07-04 03:08:40.359573	2020-07-04 03:08:40.359573
d546e48a-a72c-4e02-b17f-9656ff8ac621	d791c5e8-d3ee-4a92-8648-90cf926b8c2f	https://bcaf-comic-streaming-titles.s3-us-west-1.amazonaws.com/bcaf-digital-images/Captain%2BAmerica%2B-%2BSam%2BWilson%2B010-titleImg.jpg	2020-07-04 03:08:40.364251	2020-07-04 03:08:40.364251
23369449-03a0-4998-9a95-97944b72a54e	05b7f1ea-40f0-4731-94a0-472911239a54	https://bcaf-comic-streaming-titles.s3-us-west-1.amazonaws.com/bcaf-digital-images/Captain%2BAmerica%2B-%2BSam%2BWilson%2B010-titleImg.jpg	2020-07-04 03:08:40.367628	2020-07-04 03:08:40.367628
5d5a8ee5-8e74-446f-9425-674ce8fcda61	4e48830e-6eda-4a1e-8509-6543753944f7	https://bcaf-comic-streaming-titles.s3-us-west-1.amazonaws.com/bcaf-digital-images/Captain%2BMarvel%2B(2016)%2B010-000-titleImg.jpg	2020-07-04 03:08:40.375744	2020-07-04 03:08:40.375744
cc10d959-c90d-4357-83b4-3a0670dbdb17	e4fade53-a766-44bf-9adf-17a41995a3d8	https://bcaf-comic-streaming-titles.s3-us-west-1.amazonaws.com/bcaf-digital-images/Captain%2BMarvel%2B(2016)%2B010-000-titleImg.jpg	2020-07-04 03:08:40.382766	2020-07-04 03:08:40.382766
e79fb3a2-9ee0-4e8b-bcc2-b38c335ba175	5424cc95-35e7-4852-a477-e498304a4581	https://bcaf-comic-streaming-titles.s3-us-west-1.amazonaws.com/bcaf-digital-images/Captain%2BMarvel%2B(2016)%2B010-000-titleImg.jpg	2020-07-04 03:08:40.390051	2020-07-04 03:08:40.390051
\.


--
-- Data for Name: images; Type: TABLE DATA; Schema: public; Owner: sdbmich
--

COPY public.images (id, picture_file_name, picture_file_size, picture_content_type, picture_updated_at, imageable_type, imageable_id, created_at, updated_at) FROM stdin;
\.


--
-- Data for Name: invoice_details; Type: TABLE DATA; Schema: public; Owner: sdbmich
--

COPY public.invoice_details (id, borrow_date, amount, quantity, borrowed_item_id, invoice_id, created_at, updated_at) FROM stdin;
\.


--
-- Data for Name: invoices; Type: TABLE DATA; Schema: public; Owner: sdbmich
--

COPY public.invoices (id, total, invoice_no, library_id, created_at, updated_at, status, due_date) FROM stdin;
\.


--
-- Data for Name: items; Type: TABLE DATA; Schema: public; Owner: sdbmich
--

COPY public.items (id, title, description, publisher_name, publish_date, created_at, updated_at, amount, page_count, volume_no, age_rating, name, issue_no, cover_date, "cast", writer_team, pencil_team, ink_team, color_team, letter_team, editor_team, cover_art_team, issue_url, cover_url, status) FROM stdin;
7f5941f5-a53a-410a-b1c8-04076cf49019	Civil War II (FCBD 2016)	\N	Marvel	\N	2020-03-20 15:07:00.782301	2020-03-20 15:07:00.782301	\N	0	\N	12+	Civil War II	c2c	\N	\N	\N	\N	\N	\N	\N	\N	\N	https://bcaf-comic-streaming-titles.s3-us-west-1.amazonaws.com/Civil+War+II+(FCBD+2016)+(c2c)+(GreenManGroup-DCP).cbr	https://bcaf-comic-streaming-titles.s3-us-west-1.amazonaws.com/BCAF-comic-streaming-testImages/Civil+War+II+(FCBD+2016)+(GreenManGroup-DCP)+001.jpg	active
0abdba27-7588-489c-ade3-bf11a5e555b2	Deadpool	\N	Marvel	\N	2020-03-20 15:07:00.787265	2020-03-20 15:07:00.787265	\N	0	\N	12+	Civil War II	14	\N	\N	\N	\N	\N	\N	\N	\N	\N	https://bcaf-comic-streaming-titles.s3-us-west-1.amazonaws.com/Deadpool+014+(2016)+(2+covers)+(digital)+(Minutemen-Faessla).cbz	https://bcaf-comic-streaming-titles.s3-us-west-1.amazonaws.com/BCAF-comic-streaming-testImages/Deadpool+014-000.jpg	active
b809bba9-78dd-4e8a-8b09-506fd832a271	Deadpool	\N	Marvel	\N	2020-03-20 15:07:00.791216	2020-03-20 15:07:00.791216	\N	0	\N	12+	Civil War II	15	\N	\N	\N	\N	\N	\N	\N	\N	\N	https://bcaf-comic-streaming-titles.s3-us-west-1.amazonaws.com/Deadpool+015+(2016)+(2+covers)+(digital)+(Minutemen-Faessla).cbz	https://bcaf-comic-streaming-titles.s3-us-west-1.amazonaws.com/BCAF-comic-streaming-testImages/Deadpool+015-000.jpg	active
9598a332-93bb-40a5-82a7-1d2f33219ce5	Deadpool	\N	Marvel	\N	2020-03-20 15:07:00.795618	2020-03-20 15:07:00.795618	\N	0	\N	12+	Civil War II	16	\N	\N	\N	\N	\N	\N	\N	\N	\N	https://bcaf-comic-streaming-titles.s3-us-west-1.amazonaws.com/Deadpool+016+(2016)+(digital)+(Minutemen-Faessla).cbz	https://bcaf-comic-streaming-titles.s3-us-west-1.amazonaws.com/BCAF-comic-streaming-testImages/Deadpool+016-000.jpg	active
31f1f564-a255-47dd-bda5-a2b875b9a73a	Deadpool	\N	Marvel	\N	2020-03-20 15:07:00.799674	2020-03-20 15:07:00.799674	\N	0	\N	12+	Civil War II	17	\N	\N	\N	\N	\N	\N	\N	\N	\N	https://bcaf-comic-streaming-titles.s3-us-west-1.amazonaws.com/Deadpool+017+(2016)+(2+covers)+(digital)+(Mintuemen-Faessla).cbz	https://bcaf-comic-streaming-titles.s3-us-west-1.amazonaws.com/BCAF-comic-streaming-testImages/Deadpool+017-000.jpg	active
7e76c2f7-d376-4a33-abe9-c8e4eb154790	Deadpool	\N	Marvel	\N	2020-03-20 15:07:00.803942	2020-03-20 15:07:00.803942	\N	0	\N	12+	Civil War II	18	\N	\N	\N	\N	\N	\N	\N	\N	\N	https://bcaf-comic-streaming-titles.s3-us-west-1.amazonaws.com/Deadpool+018+(2016)+(3+covers)+(digital)+(Minutemen-Faessla).cbz	https://bcaf-comic-streaming-titles.s3-us-west-1.amazonaws.com/BCAF-comic-streaming-testImages/Deadpool+018-000.jpg	active
1b6b841b-3352-47fd-a7dd-1072f80ab0e6	Guardians of the Galaxy	\N	Marvel	\N	2020-03-20 15:07:00.809051	2020-03-20 15:07:00.809051	\N	0	\N	12+	Civil War II	11	\N	\N	\N	\N	\N	\N	\N	\N	\N	https://bcaf-comic-streaming-titles.s3-us-west-1.amazonaws.com/Guardians+of+the+Galaxy+011+(2016)+(2+covers)+(digital)+(Minutemen-Slayer).cbr	https://bcaf-comic-streaming-titles.s3-us-west-1.amazonaws.com/BCAF-comic-streaming-testImages/Guardians+of+the+Galaxy+011-000.jpg	active
0b21d48b-a8db-42b6-801b-9b32887c854e	Guardians of the Galaxy	\N	Marvel	\N	2020-03-20 15:07:00.811592	2020-03-20 15:07:00.811592	\N	0	\N	12+	Civil War II	12	\N	\N	\N	\N	\N	\N	\N	\N	\N	https://bcaf-comic-streaming-titles.s3-us-west-1.amazonaws.com/Guardians+of+the+Galaxy+012+(2016)+(digital)+(Minutemen-Slayer).cbr	https://bcaf-comic-streaming-titles.s3-us-west-1.amazonaws.com/BCAF-comic-streaming-testImages/Guardians+of+the+Galaxy+012-000.jpg	active
6565dda3-1df6-4458-ba10-67508a6c652f	Squadron Supreme	\N	Marvel	\N	2020-03-20 15:07:00.904364	2020-03-20 15:07:00.904364	\N	0	\N	12+	Civil War II	9	\N	\N	\N	\N	\N	\N	\N	\N	\N	https://bcaf-comic-streaming-titles.s3-us-west-1.amazonaws.com/Squadron+Supreme+009+(2016)+(3+covers)+(digital)+(Minutemen-Slayer).cbr	https://bcaf-comic-streaming-titles.s3-us-west-1.amazonaws.com/BCAF-comic-streaming-testImages/Squadron+Supreme+009-000.jpg	active
27419075-eaf9-4d0c-8043-bffda2f69e72	Squadron Supreme	\N	Marvel	\N	2020-03-20 15:07:00.906699	2020-03-20 15:07:00.906699	\N	0	\N	12+	Civil War II	10	\N	\N	\N	\N	\N	\N	\N	\N	\N	https://bcaf-comic-streaming-titles.s3-us-west-1.amazonaws.com/Squadron+Supreme+010+(2016)+(digital)+(Minutemen-Slayer).cbr	https://bcaf-comic-streaming-titles.s3-us-west-1.amazonaws.com/BCAF-comic-streaming-testImages/Squadron+Supreme+010-000.jpg	active
17f9b761-d08a-4dcc-9a77-0e8cb6ab0a5a	Squadron Supreme	\N	Marvel	\N	2020-03-20 15:07:00.908814	2020-03-20 15:07:00.908814	\N	0	\N	12+	Civil War II	11	\N	\N	\N	\N	\N	\N	\N	\N	\N	https://bcaf-comic-streaming-titles.s3-us-west-1.amazonaws.com/Squadron+Supreme+011+(2016)+(digital)+(Minutemen-Slayer).cbr	https://bcaf-comic-streaming-titles.s3-us-west-1.amazonaws.com/BCAF-comic-streaming-testImages/Squadron+Supreme+011-000.jpg	active
9655d977-a613-422d-89d4-006dfc458d2a	Squadron Supreme	\N	Marvel	\N	2020-03-20 15:07:00.917764	2020-03-20 15:07:00.917764	\N	0	\N	12+	Civil War II	12	\N	\N	\N	\N	\N	\N	\N	\N	\N	https://bcaf-comic-streaming-titles.s3-us-west-1.amazonaws.com/Squadron+Supreme+012+(2016)+(digital)+(Minutemen-Slayer).cbr	https://bcaf-comic-streaming-titles.s3-us-west-1.amazonaws.com/BCAF-comic-streaming-testImages/Squadron+Supreme+012-000.jpg	active
f5016b17-fc61-4e47-af01-ce995ad60638	The Accused	\N	Marvel	\N	2020-03-20 15:07:00.920665	2020-03-20 15:07:00.920665	\N	0	\N	12+	Civil War II	1	\N	\N	\N	\N	\N	\N	\N	\N	\N	https://bcaf-comic-streaming-titles.s3-us-west-1.amazonaws.com/The+Accused+01+(2016)+(digital)+(Minutemen-Slayer).cbr	https://bcaf-comic-streaming-titles.s3-us-west-1.amazonaws.com/BCAF-comic-streaming-testImages/The+Accused+(2016)+001-000.jpg	active
6e078661-7e46-4ca9-a2b1-5d956e5a1895	The Fallen	\N	Marvel	\N	2020-03-20 15:07:00.924747	2020-03-20 15:07:00.924747	\N	0	\N	12+	Civil War II	1	\N	\N	\N	\N	\N	\N	\N	\N	\N	https://bcaf-comic-streaming-titles.s3-us-west-1.amazonaws.com/The+Fallen+01+(2016)+(4+covers)+(digital)+(Minutemen-Slayer).cbr	https://bcaf-comic-streaming-titles.s3-us-west-1.amazonaws.com/BCAF-comic-streaming-testImages/The+Fallen+(2016)+001-000.jpg	active
5f37d7e2-9810-4c0f-abdd-728623477284	The Totally Awesome Hulk	\N	Marvel	\N	2020-03-20 15:07:00.927351	2020-03-20 15:07:00.927351	\N	0	\N	12+	Civil War II	7	\N	\N	\N	\N	\N	\N	\N	\N	\N	https://bcaf-comic-streaming-titles.s3-us-west-1.amazonaws.com/The+Totally+Awesome+Hulk+007+(2016)+(2+covers)+(digital)+(Minutemen-Midas).cbr	https://bcaf-comic-streaming-titles.s3-us-west-1.amazonaws.com/BCAF-comic-streaming-testImages/The+Totally+Awesome+Hulk+007-000a.jpg	active
57634916-0b70-4486-994a-a845d87362ea	"From Anger"	In a dystopian future of mounting sea levels, the rich have access to a rejuvenating vaccine that can allow lifespans of hundreds of years. A young man named Riel arrives in the urban metropolis of Montreal and meets a young woman, Neve, who is allied with rebel insurgents (the "Bastards of God") fighting the corporate powers that control the city and the vaccine.	Magnetic Press	\N	2020-03-20 15:07:00.332567	2020-03-20 15:07:00.332567	\N	32	\N	17+	Ab Irato	1	2020-02-20	\N	Thierry Labrosse	Thierry Labrosse	Thierry Labrosse	Thierry Labrosse	Thierry Labrosse	\N	Thierry Labrosse	https://bcaf-comic-streaming-titles.s3-us-west-1.amazonaws.com/Ab+Irato+001+(2017)+(digital)+(Son+of+Ultron-Empire).cbr	https://bcaf-comic-streaming-titles.s3-us-west-1.amazonaws.com/BCAF-comic-streaming-testImages/Ab+Irato+001-001.jpg	active
77e8c232-cd33-4919-8bd3-e70f862d7475	"From Anger"	Riel follows Neve into the rebel ranks just as the security forces of the city begin their murderous search for the mysterious Gana.	Magnetic Press	\N	2020-03-20 15:07:00.335756	2020-03-20 15:07:00.335756	\N	34	\N	17+	Ab Irato	2	2020-02-17	\N	Thierry Labrosse	Thierry Labrosse	Thierry Labrosse	Thierry Labrosse	Thierry Labrosse	\N	Thierry Labrosse	https://bcaf-comic-streaming-titles.s3-us-west-1.amazonaws.com/Ab+Irato+002+(2017)+(digital)+(Son+of+Ultron-Empire).cbr	https://bcaf-comic-streaming-titles.s3-us-west-1.amazonaws.com/BCAF-comic-streaming-testImages/Ab+Irato+002-000.jpg	active
a8a60517-a020-42f0-b0ff-8140d7259e9e	"From Anger"	Gana raids the headquarters of Juvex Corp even as the Bastards of God, under mounting pressure from the police, fall into infighting and take hostages	Magnetic Press	\N	2020-03-20 15:07:00.343315	2020-03-20 15:07:00.343315	\N	32	\N	17+	Ab Irato	3	2020-02-17	\N	Thierry Labrosse	Thierry Labrosse	Thierry Labrosse	Thierry Labrosse	Thierry Labrosse	\N	Thierry Labrosse	https://bcaf-comic-streaming-titles.s3-us-west-1.amazonaws.com/Ab+Irato+003+(2017)+(digital)+(Son+of+Ultron-Empire).cbr	https://bcaf-comic-streaming-titles.s3-us-west-1.amazonaws.com/BCAF-comic-streaming-testImages/Ab+Irato+003-000.jpg	active
4a4c160e-0be3-44a2-a8d1-744de0cb6f4e	"From Anger"	Riel learns to his horror that the police have decided to solve the hostage standoff with extreme prejudice: no traces, no witnesses, no rebels, no hostages . . . and Gana finds that mercenaries hired by Juvex Corp are closing in on her.	Magnetic Press	\N	2020-03-20 15:07:00.34665	2020-03-20 15:07:00.34665	\N	32	\N	17+	Ab Irato	4	2020-02-17	\N	Thierry Labrosse	Thierry Labrosse	Thierry Labrosse	Thierry Labrosse	Thierry Labrosse	\N	Thierry Labrosse	https://bcaf-comic-streaming-titles.s3-us-west-1.amazonaws.com/Ab+Irato+004+(2017)+(digital)+(Son+of+Ultron-Empire).cbr	https://bcaf-comic-streaming-titles.s3-us-west-1.amazonaws.com/BCAF-comic-streaming-testImages/Ab+Irato+004-000.jpg	active
83f85228-7d64-4767-bd65-1d0c6184dc3e	"From Anger"	The radical new leader of the Bastards of God threatens to execute a hostage every hour if his demands are not met, N√®ve tries to escape from her captors, and Riel searches desperately for a solution.	Magnetic Press	\N	2020-03-20 15:07:00.349069	2020-03-20 15:07:00.349069	\N	32	\N	17+	Ab Irato	5	2020-02-17	\N	Thierry Labrosse	Thierry Labrosse	Thierry Labrosse	Thierry Labrosse	Thierry Labrosse	\N	Thierry Labrosse	https://bcaf-comic-streaming-titles.s3-us-west-1.amazonaws.com/Ab+Irato+005+(2017)+(digital)+(Son+of+Ultron-Empire).cbr	https://bcaf-comic-streaming-titles.s3-us-west-1.amazonaws.com/BCAF-comic-streaming-testImages/Ab+Irato+005-000.jpg	active
612a7799-f6ad-4f06-8011-4284cd5c4ddf	"From Anger"	In the finale to Ab Irato, Riel tries to save N√®ve even as Gana‚Äôs final confrontation with the CEO of Juvex comes to its bloody conclusion, and a city pushed to the brink by rage and anger threatens to implode.	Magnetic Press	\N	2020-03-20 15:07:00.351411	2020-03-20 15:07:00.351411	\N	32	\N	17+	Ab Irato	6	2020-02-17	\N	Thierry Labrosse	Thierry Labrosse	Thierry Labrosse	Thierry Labrosse	Thierry Labrosse	\N	Thierry Labrosse	https://bcaf-comic-streaming-titles.s3-us-west-1.amazonaws.com/Ab+Irato+006+(2017)+(digital)+(Son+of+Ultron-Empire).cbr	https://bcaf-comic-streaming-titles.s3-us-west-1.amazonaws.com/BCAF-comic-streaming-testImages/Ab+Irato+006-000.jpg	active
631cdb1f-accb-42ae-bb98-671cd193ea47	N/A	Daniel DosSantos is a young man living at the speed of life. After gaining powers from exposure to an extraterrestrial object, DosSantos became the rapid action superhero called Accell, the first of a new public kind of self-appointed crime fighter. Unfortunately, there are consequences to moving faster than sound. Accell is about to learn that danger exists on the flipside of having superpowers and will have to grow up quickly to survive.	Lion Forge Comics	\N	2020-03-20 15:07:00.358696	2020-03-20 15:07:00.358696	\N	32	\N	12+	Accell	1	2017-06-14	\N	Joe Casey	Damion Scott	Robert Campanella	Sigmund Torre	\N	\N	Robert Campanella\nDamion Scott\nSigmund Torre	https://bcaf-comic-streaming-titles.s3-us-west-1.amazonaws.com/Accell+v01+-+Home+Schooling+(2017)+(digital)+(Son+of+Ultron-Empire).cbr	https://bcaf-comic-streaming-titles.s3-us-west-1.amazonaws.com/BCAF-comic-streaming-testImages/Accell+001-000.jpg	active
69e2b6e9-f9ea-44eb-afd6-bd06de8c3c47	N/A	Accell can run faster than fast, but he’s not faster than the speed demon hot on his tail. With the help of a mysterious elder, the world’s first superhero fights for his life. This is the night that will change Accell’s life forever, and everyone doesn’t make it out alive.	Lion Forge Comics	\N	2020-03-20 15:07:00.36347	2020-03-20 15:07:00.36347	\N	29	\N	12+	Accell	3	2017-08-09	\N	Joe Casey	Damion Scott	Robert Campanella	Sigmund Torre	\N	\N	Damion Scott	https://bcaf-comic-streaming-titles.s3-us-west-1.amazonaws.com/Accell+003+(2017)+(digital)+(Son+of+Ultron-Empire).cbr	https://bcaf-comic-streaming-titles.s3-us-west-1.amazonaws.com/BCAF-comic-streaming-testImages/Accell+003-000.jpg	active
34cc8e6b-4510-49ea-a7e7-fff63021a293	N/A	L.A.’s newest super-fast superhero Accell returns home after a life-changing metaphysical experience, just in time to help a friend battle some personal demons. nToo bad Accell has no idea new enemies are gathering to make his life a living hell, especially the crime lord known as Glazz.	Lion Forge Comics	\N	2020-03-20 15:07:00.370512	2020-03-20 15:07:00.370512	\N	31	\N	12+	Accell	4	2017-12-13	\N	Joe Casey	Damion Scott	Robert Campanella	Sigmund Torre	\N	\N	\N	https://bcaf-comic-streaming-titles.s3-us-west-1.amazonaws.com/Accell+004+(2017)+(digital)+(Son+of+Ultron-Empire).cbr	https://bcaf-comic-streaming-titles.s3-us-west-1.amazonaws.com/BCAF-comic-streaming-testImages/Accell+004-000.jpg	active
370222cb-629d-455f-b983-93e8ce2d5c69	N/A	Daniel DosSantos is the speedster superhero Accell, but his recent adventures have him shaken to the core, so what’s the solution? Go clubbing with the girlfriend!Too bad the supervillain Midnight Blue likes the clubs, too, and she doesn’t have patience for any superheroes who choose to step in her direction.	Lion Forge Comics	\N	2020-03-20 15:07:00.373204	2020-03-20 15:07:00.373204	\N	32	\N	12+	Accell	5	2017-11-08	\N	Joe Casey	Damion Scott	Robert Campanella	Sigmund Torre	\N	\N	\N	https://bcaf-comic-streaming-titles.s3-us-west-1.amazonaws.com/Accell+005+(2017)+(digital)+(Son+of+Ultron-Empire).cbr	https://bcaf-comic-streaming-titles.s3-us-west-1.amazonaws.com/BCAF-comic-streaming-testImages/Accell+005-000.jpg	active
53d3cf63-28cc-46f9-9d4b-d136dc986aea	N/A	After taking a serious beating from the dangerous diva called Midnight Blue, Accell gets a visit from an old friend, and a new ally begins to help him learn the full extent of speed powers.Meanwhile, a power struggle for the crime business in Accell’s town is happening, and his girlfriend’s father is the mastermind of it all.	Lion Forge Comics	\N	2020-03-20 15:07:00.375889	2020-03-20 15:07:00.375889	\N	32	\N	12+	Accell	6	2017-12-20	\N	Joe Casey	Damion Scott	Robert Campanella	Sigmund Torre	\N	\N	\N	https://bcaf-comic-streaming-titles.s3-us-west-1.amazonaws.com/Accell+006+(2017)+(digital)+(Son+of+Ultron-Empire).cbr	https://bcaf-comic-streaming-titles.s3-us-west-1.amazonaws.com/BCAF-comic-streaming-testImages/Accell+006-000.jpg	active
ef795bfb-1ebe-4dd2-aa44-6257583c76d8	N/A	After taking a beating from the mercenary Midnight Blue, Accell's life as a super speedster is fractured between science and mysticism. An old friend returns from the spirit realm to guide Accell on the right path, while scientist Althea Morrison works with the hero to figure out just how fast he can go. The world's first public superhero is about to have his perceptions of life torn apart at breakneck speed. 	Lion Forge Comics	\N	2020-03-20 15:07:00.379395	2020-03-20 15:07:00.379395	\N	32	\N	12+	Accell	7	2018-01-10	\N	Joe Casey	Damion Scott	Robert Campanella	Sigmund Torre	\N	\N	\N	https://bcaf-comic-streaming-titles.s3-us-west-1.amazonaws.com/Accell+007+(2018)+(digital)+(Son+of+Ultron-Empire).cbr	https://bcaf-comic-streaming-titles.s3-us-west-1.amazonaws.com/BCAF-comic-streaming-testImages/Accell+007-000.jpg	active
98e2eed2-5839-481c-8cc0-ba643b3c7b65	N/A	After meeting with Althea, a brilliant scientist who recruits Daniel to test the limits of his speedster powers, Daniel finds himself a long way from the warm waters of his home and greeted by the polar ice caps of Antarctica. Meanwhile, back home, George Hayes has begun building his own business network of mercenaries. The more Daniel learns about being Accell, the more the reality around him begins to shift.	Lion Forge Comics	\N	2020-03-20 15:07:00.382095	2020-03-20 15:07:00.382095	\N	31	\N	12+	Accell	8	2018-02-14	\N	Joe Casey	Damion Scott	Robert Campanella	Sigmund Torre	\N	\N	\N	https://bcaf-comic-streaming-titles.s3-us-west-1.amazonaws.com/Accell+008+(2018)+(digital)+(Son+of+Ultron-Empire).cbr	https://bcaf-comic-streaming-titles.s3-us-west-1.amazonaws.com/BCAF-comic-streaming-testImages/Accell+008-000.jpg	active
dc30cb09-6989-4f5a-9f02-9ac250aa3456	N/A	Having survived a close call in Antarctica with the deadly FUZZ, Daniel finds himself back in his hometown reunited with his longtime girlfriend Monica.   While Daniel tries to figure out more about his powers and how they're affecting the space of reality around him, Monica finds out something sinister about her father's business dealings. This is the final issue of Volume 2 of Accell!	Lion Forge Comics	\N	2020-03-20 15:07:00.389377	2020-03-20 15:07:00.389377	\N	30	\N	12+	Accell	9	2018-03-14	\N	Joe Casey	Damion Scott	Robert Campanella	Sigmund Torre	\N	\N	\N	https://bcaf-comic-streaming-titles.s3-us-west-1.amazonaws.com/Accell+009+(2018)+(digital)+(Son+of+Ultron-Empire).cbr	https://bcaf-comic-streaming-titles.s3-us-west-1.amazonaws.com/BCAF-comic-streaming-testImages/Accell+009-000.jpg	active
6ab41d4e-2cc7-400b-a102-4ed44c131671	N/A	Daniel Dos Santos has been through a lot since he got his powers from a meteor rock that he found after "The Event": fighting against a barrage of colorful villains, learning the limits of his powers, and trying to hold together his relationship with his girlfriend, Monica Hayes. Life hasn't been easy for Daniel, and right now, he just wants to be normal and maybe make some money. Being a superhero doesn't pay the bills after all.  But what is "normal" when you have the power to speed through layers of space and time? Find out in the next arc of Accell!	Lion Forge Comics	\N	2020-03-20 15:07:00.393363	2020-03-20 15:07:00.393363	\N	32	\N	12+	Accell	10	2018-05-09	\N	Joe Casey	Damion Scott	Robert Campanella	Sigmund Torre	\N	\N	\N	https://bcaf-comic-streaming-titles.s3-us-west-1.amazonaws.com/Accell+010+(2018)+(digital)+(Son+of+Ultron-Empire).cbr	https://bcaf-comic-streaming-titles.s3-us-west-1.amazonaws.com/BCAF-comic-streaming-testImages/Accell+010-000.jpg	active
c97c02b0-9559-45c8-b238-444d5a116347	N/A	In trying to give up being a superhero and live a normal life, Daniel's problems have only seemed to grow instead of shrink. His relationship with Monica has finally reached a breaking point, and there's a brand-new, gun-shooting villain on the streets. Encouraged by Althea, can Daniel jump back into the race, or will he quit before the first shot is fired?	Lion Forge Comics	\N	2020-03-20 15:07:00.398731	2020-03-20 15:07:00.398731	\N	32	\N	12+	Accell	11	2018-06-13	\N	Joe Casey	Damion Scott	Robert Campanella	Sigmund Torre	\N	\N	\N	https://bcaf-comic-streaming-titles.s3-us-west-1.amazonaws.com/Accell+011+(2018)+(digital)+(Son+of+Ultron-Empire).cbr	https://bcaf-comic-streaming-titles.s3-us-west-1.amazonaws.com/BCAF-comic-streaming-testImages/Accell+011-000.jpg	active
4213022c-fd73-44ab-adc5-a2500647dec5	N/A	Daniel's battle with the newest villain on the block isn't letting up, and he narrowly escapes with more injuries than he means to. Luckily his friend, scientist Althea Morrison, is there to help him when the going continues getting rougher for the would-be superhero. Besides getting into trouble with gun-wielding bad guys, Daniel is also seeing more of the mysterious ghost of Jesse Tonawanda. Even worse, an old enemy is back in town and she's working with Glazz. Daniel's life is about to get even more complicated. 	Lion Forge Comics	\N	2020-03-20 15:07:00.403184	2020-03-20 15:07:00.403184	\N	32	\N	12+	Accell	12	2018-07-11	\N	Joe Casey	Damion Scott	Robert Campanella	Sigmund Torre	\N	\N	\N	https://bcaf-comic-streaming-titles.s3-us-west-1.amazonaws.com/Accell+012+(2018)+(digital)+(Son+of+Ultron-Empire).cbr	https://bcaf-comic-streaming-titles.s3-us-west-1.amazonaws.com/BCAF-comic-streaming-testImages/Accell+012-000.jpg	active
de647984-2468-4e0a-8200-62ded46a8e9b	N/A	Daniel's recovery from his run-in with the mysterious Gun Reaver has left him shaken up and a little lost. Althea Morrison, his companion and support, encourages his continued exploration into becoming a full-fledged superhero. But is that what Daniel really wants? Worse still, all his enemies have begun to make their move toward taking him out, even including an old flame back from the ashes. 	Lion Forge Comics	\N	2020-03-20 15:07:00.405892	2020-03-20 15:07:00.405892	\N	32	\N	12+	Accell	13	2018-08-08	\N	Joe Casey	Damion Scott	Robert Campanella	Sigmund Torre	\N	\N	\N	https://bcaf-comic-streaming-titles.s3-us-west-1.amazonaws.com/Accell+013+(2018)+(digital)+(Son+of+Ultron-Empire).cbr	https://bcaf-comic-streaming-titles.s3-us-west-1.amazonaws.com/BCAF-comic-streaming-testImages/Accell+013-000.jpg	active
405fe0fe-5b81-4159-beb8-61d0da003b3f	N/A	Back on the track of being a superhero, Daniel finds himself struggling against a new cranked up villain charging down his streets. On the outskirts of the chaos, Monica and George Hayes make their own moves toward criminal domination. Althea Morrison investigates the root of disruptions in Daniel's powers and discovers a shocking secret. 	Lion Forge Comics	\N	2020-03-20 15:07:00.408011	2020-03-20 15:07:00.408011	\N	31	\N	12+	Accell	14	2018-09-12	\N	Joe Casey	Damion Scott	Robert Campanella	Sigmund Torre	\N	\N	\N	https://bcaf-comic-streaming-titles.s3-us-west-1.amazonaws.com/Accell+014+(2018)+(digital)+(Son+of+Ultron-Empire).cbr	https://bcaf-comic-streaming-titles.s3-us-west-1.amazonaws.com/BCAF-comic-streaming-testImages/Accell+014-000.jpg	active
f0f8e04d-4074-4a5e-acfb-b2a79f886cc2	N/A	Daniel Dos Santos is getting used to his life changing almost as fast as he can run, but what's happening now might be a bit much, even for him. After his devoted girlfriend Monica decides she's had too much of getting too little of Daniel's attention, her hell-bent father unleashes a trio of monstrous supervillains on him. Maybe that wouldn't be so bad if Daniel wasn't also grappling with a newly discovered side effect of his powers—the insane revelation that his body has begun to physically merge with the Stream when he uses them. And now that this bizarre metamorphosis has started, he might not be able to stop it.	Lion Forge Comics	\N	2020-03-20 15:07:00.410318	2020-03-20 15:07:00.410318	\N	28	\N	12+	Accell	15	2018-11-14	\N	Joe Casey	Damion Scott	Robert Campanella	Sigmund Torre	\N	\N	\N	https://bcaf-comic-streaming-titles.s3-us-west-1.amazonaws.com/Accell+015+(2018)+(digital)+(Son+of+Ultron-Empire).cbr	https://bcaf-comic-streaming-titles.s3-us-west-1.amazonaws.com/BCAF-comic-streaming-testImages/Accell+015-000.jpg	active
7354e16f-cbd6-4410-921f-30f94679d9b7	N/A	Daniel Dos Santos has been facing a lot of big problems lately, including losing both his job and his girlfriend. But his problems are growing bigger by the minute—literally—now that the bizarre, sound-based creature known as "The Fuzz" has escaped its former hiding place and is mysteriously morphing to gigantic proportions. Can Daniel find a way to take down the sonic behemoth before it takes out the entire city? More importantly, can he do it without compromising his own safety, now that he knows that his physical form is being altered by The Stream? As if that wasn't enough to keep Daniel running for his life, George Hayes has renewed his vows to kill his daughter's ex with his trio of villainous superbrutes. Run, Daniel, run! 	Lion Forge Comics	\N	2020-03-20 15:07:00.412483	2020-03-20 15:07:00.412483	\N	32	\N	12+	Accell	16	2018-12-12	\N	Joe Casey	Damion Scott	Robert Campanella	Sigmund Torre	\N	\N	\N	https://bcaf-comic-streaming-titles.s3-us-west-1.amazonaws.com/Accell+016+(2018)+(digital)+(Son+of+Ultron-Empire).cbr	https://bcaf-comic-streaming-titles.s3-us-west-1.amazonaws.com/BCAF-comic-streaming-testImages/Accell+016-000.jpg	active
a5a7e7d7-ca8b-4e27-b8db-bf3625d570e7	"Sit Calm"	Daniel may have been able to defeat The Fuzz for the second time, but that doesn't mean things are going anywhere near back to normal. With his biological connection to the Stream taking over his body more every day, Daniel's life—and his perspective on it—is changing fast. Meanwhile, Monica has discovered her father's plans to kill Daniel and will do anything to keep him safe. But if she can't save Daniel from the villainous trio, and Althea can't save him from the Stream, can Daniel save himself? Maybe if Accell can embrace his situation, he can find his own way out the other side.	Lion Forge Comics	\N	2020-03-20 15:07:00.421734	2020-03-20 15:07:00.421734	\N	26	\N	12+	Accell	17	2019-01-09	\N	Joe Casey	Damion Scott	Robert Campanella	Sigmund Torre	\N	\N	\N	https://bcaf-comic-streaming-titles.s3-us-west-1.amazonaws.com/Accell+017+(2019)+(digital)+(Son+of+Ultron-Empire).cbr	https://bcaf-comic-streaming-titles.s3-us-west-1.amazonaws.com/BCAF-comic-streaming-testImages/Accell+-+Sit%2C+Calm+017-000.jpg	active
4c1333bc-e48e-48ce-8012-1c4853e57070	N/A	Barrage, Maceface, and Kobe make their first move against Accell. But as Daniel’s condition escalates, will his connection to the Stream help him or the trio of villains? Meanwhile, George Hayes monitors his villains-for-hire, unaware that he is being watched as well.	Lion Forge Comics	\N	2020-03-20 15:07:00.425047	2020-03-20 15:07:00.425047	\N	32	\N	12+	Accell	18	2019-02-13	\N	Joe Casey	Damion Scott	Robert Campanella	Sigmund Torre	\N	\N	\N	https://bcaf-comic-streaming-titles.s3-us-west-1.amazonaws.com/Accell+018+(2019)+(digital)+(Son+of+Ultron-Empire).cbr	https://bcaf-comic-streaming-titles.s3-us-west-1.amazonaws.com/BCAF-comic-streaming-testImages/Accell+018-000.jpg	active
bcc87592-d4d0-4c6d-8020-0bac8549d48a	N/A	The X-Tremists keep the peace in the Age of X-Man! A perfect world doesn’t just…happen. It needs to be cultivated. That’s where the X-Tremists come in. Psylocke, Iceman, Northstar, Blob, Jubilee and Moneta protect people from threats they won’t ever even know existed, including the most insidious threat of all: love! But even as Department X continues its work of purging and revising the ill-fitting elements of society, an encounter with a pregnant rebel begins eating away at the team from within! Worse still, can two members of the squad resist falling prey to the very thing they’re fighting to prevent? Some X-Tremists want to know love. Some X-Tremists want to know freedom. But some X-Tremists just want to watch the world burn.	Marvel	\N	2020-03-20 15:07:00.428753	2020-03-20 15:07:00.428753	\N	113	\N	12+	Age of X-Man	1	2018-08-28	\N	Leah Williams	Georges Jeanty	Georges Jeanty	Georges Jeanty	Georges Jeanty	\N	Rahzzah	https://bcaf-comic-streaming-titles.s3-us-west-1.amazonaws.com/Age+of+X-Man+-+X-Tremists+001+(2019)+(Digital)+(Zone-Empire).cbr	https://bcaf-comic-streaming-titles.s3-us-west-1.amazonaws.com/BCAF-comic-streaming-testImages/Age+Of+X-Man+-+X-Tremists+01+(of+05)-000.jpg	active
c3661ed4-2bbd-4423-a145-eb2871bb9866	Guardians of the Galaxy	\N	Marvel	\N	2020-03-20 15:07:00.815112	2020-03-20 15:07:00.815112	\N	0	\N	12+	Civil War II	13	\N	\N	\N	\N	\N	\N	\N	\N	\N	https://bcaf-comic-streaming-titles.s3-us-west-1.amazonaws.com/Guardians+of+the+Galaxy+013+(2016)+(digital)+(Minutemen-Slayer).cbr	https://bcaf-comic-streaming-titles.s3-us-west-1.amazonaws.com/BCAF-comic-streaming-testImages/Guardians+of+the+Galaxy+013-000.jpg	active
e8f95032-4425-4cba-a950-a81bc4adc384	N/A	Olivia had always heard stories about Algeria from her maternal grandmother, a Black Foot (a "Pied-Noir," the French term for Christian and Jewish settlers of French Algeria who emigrated to France after the Algerian War of Independence). After her grandmother's death, Olivia found some of her grandmother's journals and letters describing her homeland. Now, ten years later, she resolves to travel to Algeria and experience the country for herself; she arrives alone, with her grandmother's postcards and letters in tow, and a single phone number in her pocket of an Algerian, Djaffar, who will act as her guide. Olivia's quest to understand her origins will bring her to face questions about heritage, history, shame, friendship, memory, nostalgia, fantasy, the nature of exile, and our unending quest to understand who we are and where we come from.	Lion Forge Comics	\N	2020-03-20 15:07:00.433763	2020-03-20 15:07:00.433763	\N	161	\N	15+	Algeria Is Beautiful	\N	2018-04-24	\N	Olivia Burton	Mahi Grand	Mahi Grand	Mahi Grand	Mahi Grand	\N	\N	https://bcaf-comic-streaming-titles.s3-us-west-1.amazonaws.com/Algeria+Is+Beautiful+like+America+(2018)+(digital)+(Lynx-Empire).cbr	https://bcaf-comic-streaming-titles.s3-us-west-1.amazonaws.com/BCAF-comic-streaming-testImages/Algeria+Is+Beautiful+like+America-000.jpg	active
a3c796f4-c89b-43d6-b097-87176dac679e	N/A	Magnus Atitarn, heir to the Atitarn Satellite Corp., tried to save the world with his experimental one-man spaceship and ended up a broken man. Now a celebrity joke suffering from post-traumatic stress disorder, Magnus has the power to travel inside the minds of superpowered people, where he discovers nightmares which threaten the entire human race. nThe strangest corners of the Catalyst Prime Universe are explored in this new series!	Lion Forge Comics	\N	2020-03-20 15:07:00.437679	2020-03-20 15:07:00.437679	\N	32	\N	12+	Astonisher	1	2017-10-04	\N	Alex de Campi	Pop Mhan	Pop Mhan	Jessica Kholinne	Pop Mhan	\N	Pop Mhan	https://bcaf-comic-streaming-titles.s3-us-west-1.amazonaws.com/Astonisher+v01+-+The+Enemy+Within+(2018)+(digital)+(Son+of+Ultron-Empire).cbr	https://bcaf-comic-streaming-titles.s3-us-west-1.amazonaws.com/BCAF-comic-streaming-testImages/Astonisher+001-000.jpg	active
ba9dec70-6e46-4a96-8a7a-19ad22b8884f	N/A	To save his crumbling reputation, entrepreneur Magnus Attarian has jumpstarted his celebrity status and become the Astonisher, the superhero with a meteor-powered battle suit. Unfortunately, traveling inside the minds of superpowered enemies means fighting their nightmares, and Magnus encounters a mysterious psychic presence. One that plans to kill him and destroy everything and everyone he holds dear.	Lion Forge Comics	\N	2020-03-20 15:07:00.440195	2020-03-20 15:07:00.440195	\N	32	\N	12+	Astonisher	2	2017-11-08	\N	Alex de Campi	Pop Mhan	Pop Mhan	Pop Mhan	Pop Mhan	\N	\N	https://bcaf-comic-streaming-titles.s3-us-west-1.amazonaws.com/Astonisher+v02+-+All+the+Nightmares+(2018)+(digital)+(Son+of+Ultron-Empire).cbr	https://bcaf-comic-streaming-titles.s3-us-west-1.amazonaws.com/BCAF-comic-streaming-testImages/Astonisher+002-000.jpg	active
3eeece34-f643-4843-b521-1fdd1af2ede7	N/A	Magnus and Drew's sibling rivalry has been a long-standing, damaging tradition between them. Now, as Magnus tests the limits of his new Astonisher technology and the depths of the astral plane, his own personal desires place his brother in even greater peril. Will his sibling's endgame be a tragic footnote in Magnus's life or mark a new beginning for them both?	Lion Forge Comics	\N	2020-03-20 15:07:00.442595	2020-03-20 15:07:00.442595	\N	31	\N	12+	Astonisher	12	2018-11-14	\N	Christopher Priest	Al Barrionuevo	Al Barrionuevo	Al Barrionuevo	Al Barrionuevo	\N	\N	https://bcaf-comic-streaming-titles.s3-us-west-1.amazonaws.com/Astonisher+012+(2018)+(digital)+(Son+of+Ultron-Empire).cbr	https://bcaf-comic-streaming-titles.s3-us-west-1.amazonaws.com/BCAF-comic-streaming-testImages/Astonisher+012-000.jpg	active
73dac57c-ad15-4cc0-91b2-56c9537937c9	"Devolution"	Magnus Attarian is still on a singular mission to save his brother Drew from his fate at the hands of the mysterious alien red parasite, but Magnus continues to face several obstacles that impede his goal. Now facing a new antagonist with similar abilities, Magnus realizes he's not as special as he has always believed. Meanwhile, Branch Seven returns with a startling proposition for Sasha.	Lion Forge Comics	\N	2020-03-20 15:07:00.449712	2020-03-20 15:07:00.449712	\N	29	\N	12+	Astonisher	14	2019-01-09	\N	Ryan O'Sullivan	Al Barrionuevo	Rodney Ramos	Jamie Grant	\N	\N	Leonardo Colapietro	https://bcaf-comic-streaming-titles.s3-us-west-1.amazonaws.com/Astonisher+014+(2019)+(digital)+(Son+of+Ultron-Empire).cbr	https://bcaf-comic-streaming-titles.s3-us-west-1.amazonaws.com/BCAF-comic-streaming-testImages/Astonisher+-+Devolution+014-000.jpg	active
1cd068de-d149-4ce0-8ca1-956feb1b0aa9	"All the Nightmares"	In the 1920s, the Harlem Renaissance is in full swing, and only the Sangerye Family can save New York—and the world—from the supernatural forces threatening to destroy humanity. But the once-great family of monster hunters has been torn apart by tragedies and conflicting moral codes. The Sangerye Family must heal the wounds of the past and move beyond their differences… or sit back and watch a force of unimaginable evil ravage the human race.\n\nDAVID F. WALKER and SANFORD GREENE, the creative team of Power Man and Iron Fist, along with indie veteran CHUCK BROWN(Trench Coats, Cigarettes and Shotguns) bring you 24 action-packed pages of monsters, mayhem, and family dysfunction in a brand-new ongoing series.\n\nBITTER ROOT Cover As by SANFORD GREENE will be connecting through the first story arc.	Image Comics	\N	2020-03-20 15:07:00.453415	2020-03-20 15:07:00.453415	\N	24	\N	17+	Bitter Root	1	0019-11-01 BC	Berg Sangerye\nBlink Sangerye\nCullen Sangerye\nEtta "Ma" Sangerye\nFord Sangeyre	David Walker\nChuck Brown	Clayton Cowles	Sanford Greene	Sanford Greene\nRico Renzi	Clayton Cowles	Heather Antos	Sanford Greene\nMike Mignola\nDenys Cowan\nBrittany Williams\nJarreau Wimberly	https://bcaf-comic-streaming-titles.s3-us-west-1.amazonaws.com/Bitter+Root+001+(2018)+(Digital)+(Mephisto-Empire).cbr	https://bcaf-comic-streaming-titles.s3-us-west-1.amazonaws.com/BCAF-comic-streaming-testImages/Bitter-Root-001-(2018)-(Digital)-(Mephisto-Empire)-001.jpg	active
32e7e8d5-8ec4-4a8d-9311-ff36fc78c57f	N/A	The Sangerye family has fought evil for decades, but they’ve never faced anything like this. And while two family members have returned home, one may be lost forever as Hell comes to Harlem. BITTER ROOT Cover As by SANFORD GREENE will be connecting through the first story arc.	Image Comics	\N	2020-03-20 15:07:00.459138	2020-03-20 15:07:00.459138	\N	28	\N	17+	Bitter Root	4	0020-02-01 BC	Berg Sangerye\nBlink Sangerye\nCullen Sangerye\nEtta "Ma" Sangerye\nFord Sangeyre	David Walker\nChuck Brown	Clayton Cowles	Sanford Greene	Sanford Greene\nRico Renzi	Clayton Cowles	Heather Antos	Sanford Greene\nJarreau Wimberly\nNatacha Bustos\nDavid Mack\nKevin Nowlan\nBen Oliver	https://s3-us-west-1.amazonaws.com/bcaf-comic-streaming-titles/Bitter+Root+004+(2019)+(Digital)+(Mephisto-Empire).cbr	https://s3-us-west-1.amazonaws.com/bcaf-comic-streaming-titles/BCAF-comic-streaming-testImages/Bitter-Root-004-(2019)-(Digital)-(Mephisto-Empire)-001.jpg	active
8a205d4d-44a3-4627-b964-65854895dc9c	N/A	He was born into the Red Tribes of Mars. He walked the streets of Spiral City as a police officer by day, vigilante hero by night. And now he s trapped in the sleepy-but-sinister Rockwood. In each of these places, Barbalien has been an outsider. He s never felt at home. Maybe, in the end, home is not a location . . . it's something to find in other people.	Dark Horse Comics	\N	2020-03-20 15:07:00.518176	2020-03-20 15:07:00.518176	\N	27	\N	15+	Black Hammer	11	2017-07-26	\N	Jeff Lemire	Dean Ormston	Dean Ormston	Dave Stewart	\N	\N	Dean Ormston	https://bcaf-comic-streaming-titles.s3-us-west-1.amazonaws.com/Black+Hammer+011+(2017).cbr	https://bcaf-comic-streaming-titles.s3-us-west-1.amazonaws.com/BCAF-comic-streaming-testImages/Black+Hammer+011-000.jpg	active
0ad50f31-5ce9-46f7-a8f8-e0d6ffc2661b	N/A	HEROES NEVER DIE...THEY JUST GET RETCONNED! Once they were heroes, but the age of heroes has long since passed. Banished from existence by a multiversal crisis, the old champions of Spiral City...Abraham Slam, Golden Gail, Colonel Weird, Madame Dragonfly, and Barbalien...now lead simple lives in a timeless farming town. Even as they try to find their way home, trouble has a unique way of finding heroes wherever they are! From the prodigious brain of Jeff Lemire (Animal MAgan, Sweet Tooth)! Amazingly realized by Dean Ormston (Lucifer, 2000 AD) and Dave Stewart (Hellboy)! Extra-long first issue...26 story pages!	Dark Horse Comics	\N	2020-03-20 15:07:00.461575	2020-03-20 15:07:00.461575	\N	32	\N	15+	Black Hammer	1	2016-07-20	\N	Jeff Lemire	Dean Ormston	Dean Ormston	Dave Stewart	Dean Ormston	\N	\N	https://bcaf-comic-streaming-titles.s3-us-west-1.amazonaws.com/Black+Hammer+001+(2016).cbr	https://bcaf-comic-streaming-titles.s3-us-west-1.amazonaws.com/BCAF-comic-streaming-testImages/Black+Hammer+001-001.jpg	active
f2bfa96c-7ef0-42c7-95ce-42dbfd49644a	N/A	The Golden Age heroes of Spiral City have been erased from existence! Banished years ago to a timeless farming community, the team are torn between accepting their fate and finding a way home! Chapter two focuses on child hero Golden Gail, whose un-aging body most deeply feels the tragedy of their new lives.	Dark Horse Comics	\N	2020-03-20 15:07:00.46865	2020-03-20 15:07:00.46865	\N	31	\N	15+	Black Hammer	2	2016-08-17	\N	Jeff Lemire	Dean Ormston	Dean Ormston	Dave Stewart	\N	\N	\N	https://bcaf-comic-streaming-titles.s3-us-west-1.amazonaws.com/Black+Hammer+002+(2016).cbr	https://bcaf-comic-streaming-titles.s3-us-west-1.amazonaws.com/BCAF-comic-streaming-testImages/Black+Hammer+002-001.jpg	active
e0a0a849-2970-429f-820f-6378269814f3	N/A	Long before Spiral Citys greatest heroes were written out of their universe, the Martian champion Barbalien was already stranded far from home. Disguised as churchgoing Mark Markz in the timeless farming community where the heroes find themselves trapped, Barbalien faces a terrifying personal decision, even as he relives his painful past!	Dark Horse Comics	\N	2020-03-20 15:07:00.472906	2020-03-20 15:07:00.472906	\N	30	\N	15+	Black Hammer	3	2016-09-21	\N	Jeff Lemire	Dean Ormston	Dean Ormston	Dave Stewart	\N	\N	\N	https://bcaf-comic-streaming-titles.s3-us-west-1.amazonaws.com/Black+Hammer+003+(2016).cbr	https://bcaf-comic-streaming-titles.s3-us-west-1.amazonaws.com/BCAF-comic-streaming-testImages/Black+Hammer+003-001.jpg	active
1c83208a-8f21-4dc9-968a-7d135a31d8a4	N/A	In the forties, Abraham Slam faced such menaces as the psychedelic Florist and the eldritch Cthu-Lou without breaking a sweat. But keeping the heroes of Black Hammer Farm from each others throats when his girlfriend comes to dinner proves far more perilous! Meanwhile, the Black Hammer's daughter uncovers new clues to the exiled heroes disappearance!	Dark Horse Comics	\N	2020-03-20 15:07:00.477357	2020-03-20 15:07:00.477357	\N	27	\N	15+	Black Hammer	4	2016-10-19	\N	Jeff Lemire	Dean Ormston	Dean Ormston	Dave Stewart	\N	\N	\N	https://bcaf-comic-streaming-titles.s3-us-west-1.amazonaws.com/Black+Hammer+004+(2016).cbr	https://bcaf-comic-streaming-titles.s3-us-west-1.amazonaws.com/BCAF-comic-streaming-testImages/Black+Hammer+004-001.jpg	active
2a0bf7ec-dd34-4be8-a1fb-24f9394b8cb4	N/A	Of the exiled heroes, only Colonel Weird can leave the mysterious farm where they’ve spent the last ten years. But the confusion of the Para-Zone may hamper their escape more than it helps!	Dark Horse Comics	\N	2020-03-20 15:07:00.481618	2020-03-20 15:07:00.481618	\N	28	\N	15+	Black Hammer	5	2016-11-16	\N	Jeff Lemire	Dean Ormston	Dean Ormston	Dave Stewart	\N	\N	\N	https://bcaf-comic-streaming-titles.s3-us-west-1.amazonaws.com/Black+Hammer+005+(2016).cbr	https://bcaf-comic-streaming-titles.s3-us-west-1.amazonaws.com/BCAF-comic-streaming-testImages/Black+Hammer+005-001.jpg	active
c0752bba-98ce-4ab3-8d6d-de7c55b79302	N/A	Madame Dragonfly has been harboring dark secrets for hundreds of years, keeping them locked up in the mysterious Cabin of Horrors. Now that her cabin is trapped on Black Hammer Farm, the only secrets she can collect are the broken hearts of small-town folk. But the arrival of a new visitor to the farm will change everything.	Dark Horse Comics	\N	2020-03-20 15:07:00.486655	2020-03-20 15:07:00.486655	\N	28	\N	15+	Black Hammer	6	2016-12-21	\N	Jeff Lemire	Dean Ormston	Dean Ormston	Dave Stewart	\N	\N	\N	https://bcaf-comic-streaming-titles.s3-us-west-1.amazonaws.com/Black+Hammer+006+(2016).cbr	https://bcaf-comic-streaming-titles.s3-us-west-1.amazonaws.com/BCAF-comic-streaming-testImages/Black+Hammer+006-001.jpg	active
ce41ea22-7797-4582-b74d-a96681c191e6	N/A	Joe Weber: the Black Hammer. A hero from the Spiral Slums. A husband. A father. Gone without a trace.\n\nA visitor from the outside world arrives on the farm, looking for the Black Hammer and bringing news of Spiral City to its Golden Age heroes. Her arrival stirs up old memories and awakens new hope in the marooned heroes.	Dark Horse Comics	\N	2020-03-20 15:07:00.490994	2020-03-20 15:07:00.490994	\N	27	\N	15+	Black Hammer	7	2017-03-22	\N	Jeff Lemire	Dean Ormston	Dean Ormston	Dave Stewart	\N	\N	\N	https://bcaf-comic-streaming-titles.s3-us-west-1.amazonaws.com/Black+Hammer+007+(2017).cbr	https://bcaf-comic-streaming-titles.s3-us-west-1.amazonaws.com/BCAF-comic-streaming-testImages/Black+Hammer+007-001.jpg	active
ed5cfffd-7611-4a15-98c3-b712a6a9f77f	N/A	There’s something unusual about the sleepy farming community of Rockwood: it’s now the home of Spiral City’s mysteriously vanished superheroes. But not by choice: they were banished to the town after a battle with the Anti-God, and now they’re stuck within its boundaries. Lately, a new arrival in town has started asking questions, and she’s discovering that its superpowered residents aren’t the only strange thing about Rockwood . . .	Dark Horse Comics	\N	2020-03-20 15:07:00.495804	2020-03-20 15:07:00.495804	\N	27	\N	15+	Black Hammer	8	2017-04-19	\N	Jeff Lemire	Dean Ormston	Dean Ormston	Dave Stewart	\N	\N	\N	https://bcaf-comic-streaming-titles.s3-us-west-1.amazonaws.com/Black+Hammer+008+(2017).cbr	https://bcaf-comic-streaming-titles.s3-us-west-1.amazonaws.com/BCAF-comic-streaming-testImages/Black+Hammer+008-001.jpg	active
a0a4809f-e2e4-48fa-9d68-9568d93b8b2d	N/A	In the golden age of space exploration, Colonel Randall Weird was on the frontlines. In his interstellar travels he encountered many strange worlds and alien civilizations, but none more curious than the technological marvel that became his best friend: Talky-Walky! Guest artist David Rubin reveals her robotic backstory in this special issue of Black Hammer!	Dark Horse Comics	\N	2020-03-20 15:07:00.500641	2020-03-20 15:07:00.500641	\N	25	\N	15+	Black Hammer	9	2017-05-24	\N	Jeff Lemire	Dean Ormston	Dean Ormston	Dave Stewart	\N	\N	David Rubin	https://bcaf-comic-streaming-titles.s3-us-west-1.amazonaws.com/Black+Hammer+009+(2017).cbr	https://bcaf-comic-streaming-titles.s3-us-west-1.amazonaws.com/BCAF-comic-streaming-testImages/Black+Hammer+009-000.jpg	active
c155fcc8-af66-42ce-84dd-4ee6c2e8fc8f	N/A	The heroes of Spiral City have hung up their costumes and adapted to life in the sleepy town that they now call home—though some call it a prison. Instead of facing unearthly monsters and galactic threats, they deal with vengeful exes, misunderstandings, and hungry farm animals. As Abraham Slam wonders if he’s hit his expiration date, a new threat emerges in Rockwood that will keep him on his toes.	Dark Horse Comics	\N	2020-03-20 15:07:00.506148	2020-03-20 15:07:00.506148	\N	27	\N	15+	Black Hammer	10	2017-06-21	\N	Jeff Lemire	Dean Ormston	Dean Ormston	Dave Stewart	\N	\N	Dean Ormston	https://bcaf-comic-streaming-titles.s3-us-west-1.amazonaws.com/Black+Hammer+010+(2017).cbr	https://bcaf-comic-streaming-titles.s3-us-west-1.amazonaws.com/BCAF-comic-streaming-testImages/Black+Hammer+010-000.jpg	active
c940a6c6-1a70-4e06-9c26-030c8be5ae62	International Iron Man	\N	Marvel	\N	2020-03-20 15:07:00.821729	2020-03-20 15:07:00.821729	\N	0	\N	12+	Civil War II	4	\N	\N	\N	\N	\N	\N	\N	\N	\N	https://bcaf-comic-streaming-titles.s3-us-west-1.amazonaws.com/International+Iron+Man+004+(2016)+(digital)+(Minutemen-Thoth).cbz	https://bcaf-comic-streaming-titles.s3-us-west-1.amazonaws.com/BCAF-comic-streaming-testImages/International+Iron+Man+(2016-)+004-000.jpg	active
73b1097a-242e-4166-9073-bc620eeb1315	N/A	Twenty years ago, Joseph Weber became the Black Hammer. Ten years ago, Lucy Weber lost her father when he defeated Anti-God, saving Spiral City and the world. Two years ago, Lucy started looking for him. And she found more than she ever expected. 	Dark Horse Comics	\N	2020-03-20 15:07:00.521703	2020-03-20 15:07:00.521703	\N	26	\N	15+	Black Hammer	12	2017-08-23	\N	Jeff Lemire	David Rubin	David Rubin	David Rubin	\N	\N	David Rubin	https://bcaf-comic-streaming-titles.s3-us-west-1.amazonaws.com/Black+Hammer+012+(2017).cbr	https://bcaf-comic-streaming-titles.s3-us-west-1.amazonaws.com/BCAF-comic-streaming-testImages/Black+Hammer+012-000.jpg	active
d24bcb29-c3fd-411d-b443-eae90a9910b8	N/A	It was the greatest superhero event of all time, a multiversal crisis. Black Hammer, Abraham Slam, Golden Gail, Barbalien, Colonel Weird, and even Madame Dragonfly they united to take down Anti-God, the ultimate evil, on the streets of Spiral City.	Dark Horse Comics	\N	2020-03-20 15:07:00.527426	2020-03-20 15:07:00.527426	\N	29	\N	15+	Black Hammer	13	2017-09-20	\N	Jeff Lemire	Dean Ormston	Dean Ormston	Dave Stewart	\N	\N	Dean Ormston	https://bcaf-comic-streaming-titles.s3-us-west-1.amazonaws.com/Black+Hammer+013+(2017).cbr	https://bcaf-comic-streaming-titles.s3-us-west-1.amazonaws.com/BCAF-comic-streaming-testImages/Black+Hammer+013-000.jpg	active
9fea2113-dd97-4fe0-be45-268f208598d1	N/A	“THE INTERGALACTIC EMPIRE OF WAKANDA: THE GATHERING OF MY NAME” Part 3 The Panther faces a creature of nightmares! In the fight against N’Jadaka and his empire, the Maroons embark on a journey through myth. But the loss of their leader N’Yami continues to haunt them. And the true monster lies in wait.	Marvel	\N	2020-03-20 15:07:00.531869	2020-03-20 15:07:00.531869	\N	25	\N	9+	Black Panther	9	2019-02-27	\N	Ta-Nehisi Coates	Kev Walker	Kev Walker	Kev Walker	\N	\N	Daniel Acuna	https://bcaf-comic-streaming-titles.s3-us-west-1.amazonaws.com/Black+Panther+009+(2019)+(Digital)+(Zone-Empire).cbr	https://bcaf-comic-streaming-titles.s3-us-west-1.amazonaws.com/BCAF-comic-streaming-testImages/Black+Panther+009-000.jpg	active
e5ddd1c2-8272-4c79-9a73-d8a3546fb125	Black Panther vs. Deadpool	THE DRAMATIC CONCLUSION: EVERYONE DIES! Or at least one person will come very, very close to dying! Probably! It’s hard to tell with these team-up books! But one thing’s for sure: This is the end. And there’s a reason Wade Wilson is known as DEADpool. Will he obtain the Vibranium he needs to save Willie Lumpkin’s life? Will the Black Panther chase immortality to stop him? Will Wade’s teleporter ever work properly? Find out here!	Marvel	\N	2020-03-20 15:07:00.535674	2020-03-20 15:07:00.535674	\N	24	\N	12+	Black Panther	5	2019-02-27	\N	Daniel Kibblesmith	Ricardo Lopez Ortiz	Ricardo Lopez Ortiz	Ricardo Lopez Ortiz	Ricardo Lopez Ortiz	\N	Ryan Benjamin\nRainier Beredo	https://bcaf-comic-streaming-titles.s3-us-west-1.amazonaws.com/Black+Panther+vs.+Deadpool+005+(2019)+(Digital)+(Zone-Empire).cbr	https://bcaf-comic-streaming-titles.s3-us-west-1.amazonaws.com/BCAF-comic-streaming-testImages/Black+Panther+vs.+Deadpool+05+(of+05)-000.jpg	active
15e34525-9a1e-46aa-9acc-c9b8cd86f158	Braver & Mightier	HERO FOR A DAY, HERO FOR A PLANET! It’s CAROL DANVERS Day! Air Force Pilot Carol Danvers is a hero to many…so what could possibly delay her to her own celebration? Only her other job—as Earth’s Mightiest Hero, CAPTAIN MARVEL! Stuck between her duty to her community and her responsibility to the wider world, Carol will have to make a tough decision, and muster all of her power to fend off an invasion force! Don’t miss the excitement of the STRONGEST & MIGHTIEST hero of all in her latest adventure!	Marvel	\N	2020-03-20 15:07:00.543553	2020-03-20 15:07:00.543553	\N	23	\N	12+	Captain Marvel	1	2019-02-27	\N	Jody Houser	Simone Buonfantino	Simone Buonfantino	Simone Buonfantino	Simone Buonfantino	\N	Valerio Schiti	https://bcaf-comic-streaming-titles.s3-us-west-1.amazonaws.com/Captain+Marvel+-+Braver+%26+Mightier+001+(2019)+(Digital)+(Zone-Empire).cbr	https://bcaf-comic-streaming-titles.s3-us-west-1.amazonaws.com/BCAF-comic-streaming-testImages/Captain+Marvel+-+Braver+%26+Mightier+001-000.jpg	active
cc5d56de-eb33-4c08-bedb-435d2b08f1ba	N/A	Chaos has hit the Jog Mobile store, and its name? Black Friday. Unless Christian wants to relive the midnight launch and the fury of a few hundred nerds, he and the team are gonna need a new plan.	Roar	\N	2020-03-20 15:07:00.550441	2020-03-20 15:07:00.550441	\N	28	\N	12+	Cellies	6	2019-01-02	\N	Joe Flood	Joe Flood	Joe Flood	Joe Flood	Joe Flood	\N	Joe Flood	https://bcaf-comic-streaming-titles.s3-us-west-1.amazonaws.com/Cellies+006+(2019)+(digital)+(Son+of+Ultron-Empire).cbr	https://bcaf-comic-streaming-titles.s3-us-west-1.amazonaws.com/BCAF-comic-streaming-testImages/Cellies+006-000.jpg	active
d97ce9f3-6a87-4f34-bffc-6559e9556912	Choosing Sides 	If you knew something bad was about to happen, would you stop it? How far would you go? The line is drawn. Everyone in the Marvel Universe has to ask themselves: are you with Captain Marvel or Iron Man? Kicking off an all-new series, this first issue features Nick Fury, Damage Control and Night Thrasher!	Marvel	\N	2020-03-20 15:07:00.556606	2020-03-20 15:07:00.556606	\N	33	\N	12+	Civil War II	1	2016-06-22	\N	Chad Bowers\nBrandon M. Easton\nDeclan Shalvey\nChris Sims	Paul Davidson\nLeonardo Romero\nDeclan Shalvey	Paul Davidson\nLeonardo Romero\nDeclan Shalvey	Paul Davidson\nLeonardo Romero\nDeclan Shalvey	Paul Davidson\nLeonardo Romero\nDeclan Shalvey	\N	Jim Cheung	https://bcaf-comic-streaming-titles.s3-us-west-1.amazonaws.com/Civil+War+II+-+Choosing+Sides+01+(of+06)+(2016)+(5+covers)+(digital)+(Minutemen-Faessla).cbz	https://bcaf-comic-streaming-titles.s3-us-west-1.amazonaws.com/BCAF-comic-streaming-testImages/Civil+War+II+-+Choosing+Sides+01-000.jpg	active
3724bfa9-e3b7-4a05-92ed-4cc599df7f5d	Choosing Sides	A major loss sends shockwaves through the super hero community forcing everyone to reexamine their alliances…did they choose the right side? Featuring Nick Fury, War Machine and Tom Foster, a.k.a. Goliath!	Marvel	\N	2020-03-20 15:07:00.560073	2020-03-20 15:07:00.560073	\N	24	\N	12+	Civil War II	2	2016-07-13	\N	Declan Shalvey\nBrandon Thomas\nJeremy Whitley	Marco Rudy\nMarguerite Sauvage\nDeclan Shalvey	Marco Rudy\nMarguerite Sauvage\nDeclan Shalvey	Marco Rudy\nMarguerite Sauvage\nDeclan Shalvey	Marco Rudy\nMarguerite Sauvage\nDeclan Shalvey	\N	Jim Cheung\nDeclan Shalvey	https://bcaf-comic-streaming-titles.s3-us-west-1.amazonaws.com/Civil+War+II+-+Choosing+Sides+02+(of+06)+(2016)+(2+covers)+(digital)+(Minutemen-Faessla).cbz	https://bcaf-comic-streaming-titles.s3-us-west-1.amazonaws.com/BCAF-comic-streaming-testImages/Civil+War+II+-+Choosing+Sides+02-000.jpg	active
f4d2a7e3-5430-4077-a9b8-5685cc5b48d0	Choosing Sides	The trial of the century! Even with the eyes of the Marvel Universe upon them, neither side is backing down...Featuring Nick Fury, The Punisher and Power Pack!	Marvel	\N	2020-03-20 15:07:00.563557	2020-03-20 15:07:00.563557	\N	23	\N	12+	Civil War II	3	2016-07-27	\N	John Allison\nMing Doyle\nDerek Landy\nDeclan Shalvey	Filipe Andrade\nStephen Byrne\nRosi Kampe\nDeclan Shalvey	Filipe Andrade\nStephen Byrne\nRosi Kampe\nDeclan Shalvey	Filipe Andrade\nStephen Byrne\nRosi Kampe\nDeclan Shalvey	Filipe Andrade\nStephen Byrne\nRosi Kampe\nDeclan Shalvey	\N	Jim Cheung\nDeclan Shalvey	https://bcaf-comic-streaming-titles.s3-us-west-1.amazonaws.com/Civil+War+II+-+Choosing+Sides+03+(of+06)+(2016)+(2+covers)+(digital)+(Minutemen-Faessla).cbz	https://bcaf-comic-streaming-titles.s3-us-west-1.amazonaws.com/BCAF-comic-streaming-testImages/Civil+War+II+-+Choosing+Sides+03-000.jpg	active
c4a99e17-0da7-40a0-896e-580b69c20561	Invincible Iron Man	\N	Marvel	\N	2020-03-20 15:07:00.829091	2020-03-20 15:07:00.829091	\N	0	\N	12+	Civil War II	12	\N	\N	\N	\N	\N	\N	\N	\N	\N	https://bcaf-comic-streaming-titles.s3-us-west-1.amazonaws.com/Invincible+Iron+Man+012+(2016)+(2+covers)+(digital)+(Minutemen-Thoth).cbz	https://bcaf-comic-streaming-titles.s3-us-west-1.amazonaws.com/BCAF-comic-streaming-testImages/Invincible+Iron+Man+(2015-)+012-000.jpg	active
ed3781db-010c-4713-ba8e-87c36676f5c5	Choosing Sides	The battle is heating up, but nothing's hotter than the limelight! When the media starts muckraking, how far will heroes go to stay out of the public eye? Featuring Nick Fury, Kate Bishop, and jolly J. Jonah Jameson himself!	Marvel	\N	2020-03-20 15:07:00.567392	2020-03-20 15:07:00.567392	\N	24	\N	12+	Civil War II	4	2016-08-17	\N	John Allison\nChuck Brown\nDeclan Shalvey	Rosi Kampe\nDeclan Shalvey\nChris Visions	Rosi Kampe\nDeclan Shalvey\nChris Visions	Rosi Kampe\nDeclan Shalvey\nChris Visions	Rosi Kampe\nDeclan Shalvey\nChris Visions	\N	Jim Cheung\nDeclan Shalvey	https://bcaf-comic-streaming-titles.s3-us-west-1.amazonaws.com/Civil+War+II+-+Choosing+Sides+04+(of+06)+(2016)+(2+covers)+(digital)+(Minutemen-Faessla).cbz	https://bcaf-comic-streaming-titles.s3-us-west-1.amazonaws.com/BCAF-comic-streaming-testImages/Civil+War+II+-+Choosing+Sides+04-000.jpg	active
e961c838-6cdb-48e1-a220-956ba6cd0b4a	Choosing Sides	As the body count rises, no one expected the biggest casualty of them all: Friendship. Will these Avengers betray their closest confidants to stay true to themselves? Featuring Nick Fury, Colleen Wing and Alpha Flight!	Marvel	\N	2020-03-20 15:07:00.576028	2020-03-20 15:07:00.576028	\N	23	\N	12+	Civil War II	5	2016-08-31	\N	Enrique Carrion\nDeclan Shalvey\nChip Zdarsky	Annapaola Martello\nRamon Perez\nDeclan Shalvey	Annapaola Martello\nRamon Perez\nDeclan Shalvey	Annapaola Martello\nRamon Perez\nDeclan Shalvey	Annapaola Martello\nRamon Perez\nDeclan Shalvey	\N	Declan Shalvey\nCameron Stewart	https://bcaf-comic-streaming-titles.s3-us-west-1.amazonaws.com/Civil+War+II+-+Choosing+Sides+05+(of+06)+(2016)+(2+covers)+(digital)+(Minutemen-Faessla).cbz	https://bcaf-comic-streaming-titles.s3-us-west-1.amazonaws.com/BCAF-comic-streaming-testImages/Civil+War+II+-+Choosing+Sides+05-000.jpg	active
43b9c18d-4e54-4f5d-aea7-49e82d5a8175	Choosing Sides	As the conflict spreads across the globe, will both sides lay down their arms or keep fighting to the bitter end? Featuring Nick Fury, Jessica Jones and the White Fox!!	Marvel	\N	2020-03-20 15:07:00.582426	2020-03-20 15:07:00.582426	\N	24	\N	12+	Civil War II	6	2016-09-21	\N	Chelsea Cain\nDeclan Shalvey\nChristina Strain	Alison Sampson\nDeclan Shalvey\nSana Tekada	Alison Sampson\nDeclan Shalvey\nSana Tekada	Alison Sampson\nDeclan Shalvey\nSana Tekada	Alison Sampson\nDeclan Shalvey\nSana Tekada	\N	Cameron Stewart	https://bcaf-comic-streaming-titles.s3-us-west-1.amazonaws.com/Civil+War+II+-+Choosing+Sides+06+(of+06)+(2016)+(2+covers)+(digital)+(Minutemen-Faessla).cbz	https://bcaf-comic-streaming-titles.s3-us-west-1.amazonaws.com/BCAF-comic-streaming-testImages/Civil+War+II+-+Choosing+Sides+06-000.jpg	active
20604a0e-b140-4e5c-bdf9-33c8af30fcc7	Gods of War	The world is on the brink of chaos, with heroes on all sides of the war...but when only the best are called into action, where will the world's first super hero land? Join us for an all-new epic Civil War II series that takes Hercules right to the front lines! As a God, is he responsible for a larger role in the potential destruction of the Marvel Universe? Or does he have the power to alter fate?	Marvel	\N	2020-03-20 15:07:00.588441	2020-03-20 15:07:00.588441	\N	22	\N	12+	Civil War II	1	2016-06-08	\N	Dan Abnett	Emilio Laiso	Emilio Laiso	Emilio Laiso	Emilio Laiso	\N	Jay Anacleto	https://bcaf-comic-streaming-titles.s3-us-west-1.amazonaws.com/Civil+War+II+-+Gods+of+War+01+(of+04)+(2016)+(4+covers)+(digital)+(Minutemen-Faessla).cbz	https://bcaf-comic-streaming-titles.s3-us-west-1.amazonaws.com/BCAF-comic-streaming-testImages/Civil+War+II+-+Gods+of+War+01-000.jpg	active
d5a6c708-2895-4a4b-939e-9d3d3f034f3a	Gods of War	A new Civil War is ripping through the Marvel Universe, but HERCULES has got problems of his own. There's a threat that only he knows about, and all the heroes he knows are too busy to lend a hand. Time to get out his address book and call in some much older friends…ancient heroes of myth who will come to his aid. Introducing the mighty, mythological GODS OF WAR!	Marvel	\N	2020-03-20 15:07:00.592286	2020-03-20 15:07:00.592286	\N	23	\N	12+	Civil War II	2	2016-07-13	\N	Dan Abnett	Emilio Laiso	Emilio Laiso	Emilio Laiso	Emilio Laiso	\N	Jay Anacleto	https://bcaf-comic-streaming-titles.s3-us-west-1.amazonaws.com/Civil+War+II+-+Gods+of+War+02+(of+04)+(2016)+(2+covers)+(digital)+(Minutemen-Faessla).cbz	https://bcaf-comic-streaming-titles.s3-us-west-1.amazonaws.com/BCAF-comic-streaming-testImages/Civil+War+II+-+Gods+of+War+02-000.jpg	active
51fb2e17-d878-40d2-801c-cdae6d56e864	Gods of War	MEET THE DEITIES READY TO SAVE THE DAY. As a civil war rips through the Marvel Universe, HERCULES battles to stop the Uprising Storm…the one threat no one else is aware of. But if the first super hero is going to save the world, he's going to need help, and not even the Avengers are going to stand in his way. With no one else to turn to, Herc must recruit heroes of myth to stand at his side. HERE COME GILGAMESH, BEOWULF, IRE, THESEUS, SIGURD and LORELEI…the GODS OF WAR!	Marvel	\N	2020-03-20 15:07:00.595482	2020-03-20 15:07:00.595482	\N	22	\N	12+	Civil War II	3	2016-08-17	\N	Dan Abnett	Emilio Laiso	Emilio Laiso	Emilio Laiso	Emilio Laiso	\N	Jay Anacleto	https://bcaf-comic-streaming-titles.s3-us-west-1.amazonaws.com/Civil+War+II+-+Gods+of+War+03+(of+04)+(2016)+(digital)+(Minutemen-Faessla).cbz	https://bcaf-comic-streaming-titles.s3-us-west-1.amazonaws.com/BCAF-comic-streaming-testImages/Civil+War+II+-+Gods+of+War+03-000.jpg	active
ba30d621-23ad-466d-bed9-1f94191b68a8	Gods of War	With the world locked in Civil War, HERCULES and the GODS OF WAR face down a catastrophic threat that the other heroes of the Marvel Universe are blind to. Can they prevail alone against the wrath of a new race of gods? Or has the Civil War provided the Uprising Storm with the perfect opportunity to master the world and change it forever?	Marvel	\N	2020-03-20 15:07:00.59803	2020-03-20 15:07:00.59803	\N	23	\N	12+	Civil War II	4	2016-09-14	\N	Dan Abnett	Emilio Laiso	Emilio Laiso	Emilio Laiso	Emilio Laiso	\N	Jay Anacleto	https://bcaf-comic-streaming-titles.s3-us-west-1.amazonaws.com/Civil+War+II+-+Gods+of+War+04+(of+04)+(2016)+(3+covers)+(digital)+(Minutemen-Faessla).cbz	https://bcaf-comic-streaming-titles.s3-us-west-1.amazonaws.com/BCAF-comic-streaming-testImages/Civil+War+II+-+Gods+of+War+04-000.jpg	active
11948cef-bb83-4b40-8095-8b726b6d336d	Kingpin	An Inhuman with the ability to predict the future has helped the heroes of the Marvel Universe clamp down on crime before it can even happen. While this thwarts most criminals, one man has found a way to keep doing what he does best. Wilson Fisk has managed to stay one step ahead of the good guys and his crime enterprise is BOOMING. But what's his secret?! It's a gritty, street-level view of CIVIL WAR II starring the Kingpin in a world without crime!	Marvel	\N	2020-03-20 15:07:00.605835	2020-03-20 15:07:00.605835	\N	32	\N	12+	Civil War II	1	2016-07-06	\N	Matthew Rosenberg	Ricardo Lopez Ortiz\nDalibor Talajic	Ricardo Lopez Ortiz\nDalibor Talajic	Ricardo Lopez Ortiz\nDalibor Talajic	Ricardo Lopez Ortiz\nDalibor Talajic	\N	Aaron Kuder	https://bcaf-comic-streaming-titles.s3-us-west-1.amazonaws.com/Civil+War+II+-+Kingpin+01+(of+04)+(2016)+(4+covers)+(digital)+(Minutemen-InnerDemons).cbr	https://bcaf-comic-streaming-titles.s3-us-west-1.amazonaws.com/BCAF-comic-streaming-testImages/Civil+War+II+-+Kingpin+01-000.jpg	active
efe3406a-e4eb-4095-9b08-17491f51506e	All-New, All-Different Avengers	Spotlight on the All-New Wasp as she finds her loyalties torn by the war—and seeks guidance in the most unexpected place.	Marvel	\N	2020-03-20 15:07:00.714609	2020-03-20 15:07:00.714609	\N	24	\N	12+	Civil War II	14	2016-09-07	\N	Mark Waid\nJeremy Whitley	Adam Kubert	Adam Kubert	Adam Kubert	Adam Kubert	\N	Alex Ross	https://bcaf-comic-streaming-titles.s3-us-west-1.amazonaws.com/All-New%2C+All-Different+Avengers+014+(2016)+(3+covers)+(digital)+(Minutemen-Faessla).cbz	https://bcaf-comic-streaming-titles.s3-us-west-1.amazonaws.com/BCAF-comic-streaming-testImages/All-New%2C+All-Different+Avengers+014-000.jpg	active
22d05688-b240-4f18-8cba-a267e7f9e1ac	Kingpin	Despite the heroes' new future-seeing ally, the crime business is treating Wilson Fisk VERY well. So well, in fact, that his jealous competitors are MURDERING the Kingpin's men. And to make matters worse, the linchpin of Fisk's operation — an inhuman with the uncanny ability to stay incognito — is getting ill. Can the Kingpin find a way to keep his business afloat or is his time on top finally finished?	Marvel	\N	2020-03-20 15:07:00.609106	2020-03-20 15:07:00.609106	\N	23	\N	12+	Civil War II	2	2016-08-03	\N	Matthew Rosenberg	Ricardo Lopez Ortiz	Ricardo Lopez Ortiz	Ricardo Lopez Ortiz	Ricardo Lopez Ortiz	\N	Aaron Kuder	https://bcaf-comic-streaming-titles.s3-us-west-1.amazonaws.com/Civil+War+II+-+Kingpin+02+(of+04)+(2016)+(2+covers)+(digital)+(Minutemen-InnerDemons).cbr	https://bcaf-comic-streaming-titles.s3-us-west-1.amazonaws.com/BCAF-comic-streaming-testImages/Civil+War+II+-+Kingpin+02-000.jpg	active
1c92b951-d278-48c4-a523-0b23462c4331	Kingpin	Wilson Fisk has reason to believe that one of his own men is staging a coup—and killing those who won't surrender their loyalty. But mutiny becomes the least of Fisk's worries when the Punisher launches an attack on the Kingpin's safe house. Can the Fisk keep his business afloat with his cronies dropping like flies, and Frank Castle gunning for him, or is this finally the end of the reign of the KINGPIN?	Marvel	\N	2020-03-20 15:07:00.613728	2020-03-20 15:07:00.613728	\N	23	\N	12+	Civil War II	3	2016-09-28	\N	Matthew Rosenberg	Ricardo Lopez Ortiz	Ricardo Lopez Ortiz	Ricardo Lopez Ortiz	Ricardo Lopez Ortiz	\N	Aaron Kuder	https://bcaf-comic-streaming-titles.s3-us-west-1.amazonaws.com/Civil+War+II+-+Kingpin+03+(of+04)+(2016)+(2+covers)+(digital)+(Minutemen-Faessla).cbz	https://bcaf-comic-streaming-titles.s3-us-west-1.amazonaws.com/BCAF-comic-streaming-testImages/Civil+War+II+-+Kingpin+03-000.jpg	active
18602539-7b1a-4fd6-9e69-695d0f8ccf44	Kingpin	He may be a criminal, but Wilson Fisk is a self-made man. He's worked hard to secure his empire. He built it from the ground up. And now that Fisk knows one of his men has betrayed him in an attempt to take away his life's work, he's prepared to give his all to put an end to the mutiny. After all, you don't become the KINGPIN of crime without breaking a few rules and a lot of blood, sweat and tears…	Marvel	\N	2020-03-20 15:07:00.617669	2020-03-20 15:07:00.617669	\N	22	\N	12+	Civil War II	4	2016-10-19	\N	Matthew Rosenberg	Ricardo Lopez Ortiz	Ricardo Lopez Ortiz	Ricardo Lopez Ortiz	Ricardo Lopez Ortiz	\N	Aaron Kuder	https://bcaf-comic-streaming-titles.s3-us-west-1.amazonaws.com/Civil+War+II+-+Kingpin+04+(of+04)+(2016)+(digital)+(Minutemen-Faessla).cbz	https://bcaf-comic-streaming-titles.s3-us-west-1.amazonaws.com/BCAF-comic-streaming-testImages/Civil+War+II+-+Kingpin+04-000.jpg	active
b7e33883-f3f0-42b9-9dab-1a8f3f41ed57	Ulysses Infinite Comic	A Civil War II Prequel! How did Ulysses join the Inhumans? What difficult journey did he have to go through to master his powers?	Marvel	\N	2020-03-20 15:07:00.620349	2020-03-20 15:07:00.620349	\N	67	\N	15+	Civil War II	1	2016-06-15	\N	Al Ewing	Karl Kesel\nJefte Palo	Karl Kesel\nJefte Palo	Karl Kesel\nJefte Palo	Karl Kesel\nJefte Palo	\N	Francesco Francavilla	https://bcaf-comic-streaming-titles.s3-us-west-1.amazonaws.com/Civil+War+II+-+Ulysses+Infinite+Comic+001+(2016)+(digital)+(Son+of+Ultron-Empire).cbr	https://bcaf-comic-streaming-titles.s3-us-west-1.amazonaws.com/BCAF-comic-streaming-testImages/Civil+War+II+-+Ulysses+Infinite+Comic+001-000a.jpg	active
4eb19ca9-12b1-4195-ab2d-89a9e4ceb465	Ulysses Infinite Comic	A Civil War II prequel! How did Ulysses join the Inhumans? What difficult journey did he have to go through to master his powers?	Marvel	\N	2020-03-20 15:07:00.623809	2020-03-20 15:07:00.623809	\N	68	\N	15+	Civil War II	2	2016-07-06	\N	Al Ewing	Karl Kesel\nJefte Palo	Karl Kesel\nJefte Palo	Karl Kesel\nJefte Palo	Karl Kesel\nJefte Palo	\N	Jefte Palo	https://bcaf-comic-streaming-titles.s3-us-west-1.amazonaws.com/Civil+War+II+-+Ulysses+Infinite+Comic+002+(2016)+(digital)+(Son+of+Ultron-Empire).cbr	https://bcaf-comic-streaming-titles.s3-us-west-1.amazonaws.com/BCAF-comic-streaming-testImages/Civil+War+II+-+Ulysses+Infinite+Comic+002-000a.jpg	active
54792e48-5dc8-44de-8154-d7e9f4aa3828	Ulysses Infinite Comic	Committed to comprehending his Inhuman ability to see the future, Ulysses begins training within Karnak's Tower—but has he made the right choice? Struck with a grisly vision, Ulysses must again come to terms with the magnitude of his power... and the limitations!	Marvel	\N	2020-03-20 15:07:00.62634	2020-03-20 15:07:00.62634	\N	66	\N	15+	Civil War II	3	2016-07-27	\N	Al Ewing	Karl Kesel\nJefte Palo	Karl Kesel\nJefte Palo	Karl Kesel\nJefte Palo	Karl Kesel\nJefte Palo	\N	Francesco Francavilla	https://bcaf-comic-streaming-titles.s3-us-west-1.amazonaws.com/Civil+War+II+-+Ulysses+Infinite+Comic+003+(2016)+(digital)+(Son+of+Ultron-Empire).cbr	https://bcaf-comic-streaming-titles.s3-us-west-1.amazonaws.com/BCAF-comic-streaming-testImages/Civil+War+II+-+Ulysses+Infinite+Comic+003-000a.jpg	active
d74af61d-3a98-4529-8571-3df3d3d68774	Ulysses Infinite Comic	After a vision of the death of innocent people, Ulysses is desperate to leave Karnak's training in the Tower and prevent a horrific vision from becoming reality! So why won't Karnak let him leave?	Marvel	\N	2020-03-20 15:07:00.628545	2020-03-20 15:07:00.628545	\N	65	\N	15+	Civil War II	4	2016-08-17	\N	Al Ewing	Karl Kesel\nJefte Palo	Karl Kesel\nJefte Palo	Karl Kesel\nJefte Palo	Karl Kesel\nJefte Palo	\N	Jefte Palo	https://bcaf-comic-streaming-titles.s3-us-west-1.amazonaws.com/Civil+War+II+-+Ulysses+Infinite+Comic+004+(2016)+(digital)+(Son+of+Ultron-Empire).cbr	https://bcaf-comic-streaming-titles.s3-us-west-1.amazonaws.com/BCAF-comic-streaming-testImages/Civil+War+II+-+Ulysses+Infinite+Comic+004-000a.jpg	active
5dea7969-30f8-4b60-ac18-23c37709a87e	Ulysses Infinite Comic	Totally isolated from the human world, Ulysses must escape Karnak's captivity to prevent the deaths of hundreds of people...but being in the Inhuman world will make Ulysses' breakout considerably more complicated, as he faces the grim Inhuman inhabitants of the Tower!	Marvel	\N	2020-03-20 15:07:00.635303	2020-03-20 15:07:00.635303	\N	79	\N	15+	Civil War II	5	2016-09-07	\N	Al Ewing	Karl Kesel\nJefte Palo	Karl Kesel\nJefte Palo	Karl Kesel\nJefte Palo	Karl Kesel\nJefte Palo	\N	Francesco Francavilla	https://bcaf-comic-streaming-titles.s3-us-west-1.amazonaws.com/Civil+War+II+-+Ulysses+Infinite+Comic+005+(2016)+(digital)+(Son+of+Ultron-Empire).cbr	https://bcaf-comic-streaming-titles.s3-us-west-1.amazonaws.com/BCAF-comic-streaming-testImages/Civil+War+II+-+Ulysses+Infinite+Comic+005-000a.jpg	active
c50083cd-82b5-4fc9-9962-c769c14894d7	Ulysses Infinite Comic	Ulysses confronts Karnak and discovers the outcome of his horrible vision!	Marvel	\N	2020-03-20 15:07:00.642838	2020-03-20 15:07:00.642838	\N	71	\N	15+	Civil War II	6	2016-09-28	\N	Al Ewing	Karl Kesel\nJefte Palo	Karl Kesel\nJefte Palo	Karl Kesel\nJefte Palo	Karl Kesel\nJefte Palo	\N	Jefte Palo	https://bcaf-comic-streaming-titles.s3-us-west-1.amazonaws.com/Civil+War+II+-+Ulysses+Infinite+Comic+006+(2016)+(digital)+(Son+of+Ultron-Empire).cbr	https://bcaf-comic-streaming-titles.s3-us-west-1.amazonaws.com/BCAF-comic-streaming-testImages/Civil+War+II+-+Ulysses+Infinite+Comic+006-000a.jpg	active
0a40b429-225b-435d-8fed-9e5fb3949fa8	All-New, All-Different Avengers	CIVIL WAR II TIE-IN! In her short time wielding the hammer Mjolnir, Thor has witnessed cosmic chaos — but how does her human half process the consequences of the Iron Man/Captain Marvel struggle and what it does to the Avengers?	Marvel	\N	2020-03-20 15:07:00.716811	2020-03-20 15:07:00.716811	\N	15	\N	12+	Civil War II	15	2016-10-26	\N	Mark Waid	Adam Kubert	Adam Kubert	Adam Kubert	Adam Kubert	\N	Alex Ross	https://bcaf-comic-streaming-titles.s3-us-west-1.amazonaws.com/All-New%2C+All-Different+Avengers+015+(2016)+(digital)+(Minutemen-Faessla).cbz	https://bcaf-comic-streaming-titles.s3-us-west-1.amazonaws.com/BCAF-comic-streaming-testImages/All-New%2C+All-Different+Avengers+015-000.jpg	active
9ad698bc-2161-4fe6-ac45-2e76d4cb7ae1	X-Men	Terrigen Mists circle the globe, igniting the Inhuman race while crippling mutantkind, pitting the two nations against one another. But when a new Inhuman with the ability to profile the future emerges, the X-Men fear that he may tip the scales in the Inhumans' favor, spelling doom for their kind. And one mutant is willing to wage war with the Inhumans AND his own people to prevent that from coming to pass. The X-Men enter the fray of CIVIL WAR II when the world's most terrifying mutant, Magneto, takes mutantkind's fate into his own hands!	Marvel	\N	2020-03-20 15:07:00.645983	2020-03-20 15:07:00.645983	\N	23	\N	12+	Civil War II	1	2016-06-15	\N	Cullen Bunn	Andrea Broccardo	Andrea Broccardo	Andrea Broccardo	Andrea Broccardo	\N	David Yardin	https://bcaf-comic-streaming-titles.s3-us-west-1.amazonaws.com/Civil+War+II+-+X-Men+01+(of+04)+(2016)+(5+covers)+(digital)+(Minutemen-Slayer).cbr	https://bcaf-comic-streaming-titles.s3-us-west-1.amazonaws.com/BCAF-comic-streaming-testImages/Civil+War+II+-+X-Men+001-000.jpg	active
795537e5-e1cd-465b-83e8-70bf838c8d87	X-Men	An Inhuman with the power to profile the future has emerged, upsetting the delicate balance of power between the Inhuman and Mutant nations. And the mutant master of magnetism, MAGNETO refuses to allow his people to fall by the wayside. Now, Magneto rallies those who would follow him to even the scales…even if it means risking war with Inhumans and Mutants alike to do it!	Marvel	\N	2020-03-20 15:07:00.648512	2020-03-20 15:07:00.648512	\N	22	\N	12+	Civil War II	2	2016-07-06	\N	Cullen Bunn	Andrea Broccardo	Andrea Broccardo	Andrea Broccardo	Andrea Broccardo	\N	David Yardin	https://bcaf-comic-streaming-titles.s3-us-west-1.amazonaws.com/Civil+War+II+-+X-Men+02+(of+04)+(2016)+(2+covers)+(digital)+(Minutemen-Slayer).cbr	https://bcaf-comic-streaming-titles.s3-us-west-1.amazonaws.com/BCAF-comic-streaming-testImages/Civil+War+II+-+X-Men+002-000.jpg	active
9568db19-bb0c-4c8a-83d7-a64b15306e40	X-Men	An Inhuman with the ability to profile the future has emerged, upsetting the delicate balance of power between the Inhuman and Mutant nations. Refusing to let his people fall by the wayside, the mutant master of magnetism, MAGNETO, gathers those who sympathize with his cause to aid him in his crusade: an assault on Attilan to take the new Inhuman off the board!	Marvel	\N	2020-03-20 15:07:00.650857	2020-03-20 15:07:00.650857	\N	23	\N	12+	Civil War II	3	2016-08-17	\N	Cullen Bunn	Andrea Broccardo	Andrea Broccardo	Andrea Broccardo	Andrea Broccardo	\N	David Yardin	https://bcaf-comic-streaming-titles.s3-us-west-1.amazonaws.com/Civil+War+II+-+X-Men+03+(of+04)+(2016)+(digital)+(Minutemen-Slayer).cbr	https://bcaf-comic-streaming-titles.s3-us-west-1.amazonaws.com/BCAF-comic-streaming-testImages/Civil+War+II+-+X-Men+003-000.jpg	active
fb7b4566-c810-4479-8fa0-97b10d37c40e	X-Men	When a new Inhuman manifests the ability to profile the future, threatening to tip the scales of the Mutant/Inhuman conflict out of his favor, MAGNETO takes decisive action to safeguard the future of his people. But will his actions only make the future he fears most a reality?	Marvel	\N	2020-03-20 15:07:00.653999	2020-03-20 15:07:00.653999	\N	22	\N	12+	Civil War II	4	2016-09-21	\N	Cullen Bunn	Andrea Broccardo	Andrea Broccardo	Andrea Broccardo	Andrea Broccardo	\N	David Yardin	https://bcaf-comic-streaming-titles.s3-us-west-1.amazonaws.com/Civil+War+II+-+X-Men+04+(of+04)+(2016)+(3+covers)+(digital)+(Minutemen-Slayer).cbr	https://bcaf-comic-streaming-titles.s3-us-west-1.amazonaws.com/BCAF-comic-streaming-testImages/Civil+War+II+-+X-Men+004-000.jpg	active
5af2f084-923b-46de-ba7f-c82efbd9b7c6	Amazing Spider-Man	The Amazing Spider-Man gets caught up in Civil War II! There's a new Inhuman with the ability to seemingly predict the future, and as the heroes of the Marvel Universe continue to grapple with their feelings about his very existence one thing almost everyone can agree on is that he bears a tremendous responsibility to use his powers safely. Peter Parker, aka THE AMAZING SPIDER-MAN, knows a thing or two about that- too bad he's also got the ol' Parker luck working against him.	Marvel	\N	2020-03-20 15:07:00.656481	2020-03-20 15:07:00.656481	\N	22	\N	12+	Civil War II	1	2016-06-08	\N	Christos N. Gage	Travel Foreman	Travel Foreman	Travel Foreman	Travel Foreman	\N	Khary Randolph	https://bcaf-comic-streaming-titles.s3-us-west-1.amazonaws.com/Civil+War+II+-+Amazing+Spider-Man+01+(of+04)+(2016)+(4+covers)+(digital)+(Minutemen-InnerDemons).cbr	https://bcaf-comic-streaming-titles.s3-us-west-1.amazonaws.com/BCAF-comic-streaming-testImages/Civil+War+II+-+Amazing+Spider-Man+01-000.jpg	active
77903911-1550-4f16-85d8-bc4234c3e2e1	Amazing Spider-Man	Ulysses made a shocking prediction that someone in Spider-Man's life would turn traitor… and it isn't who you'd expect! The folks at Parker Industries already had one mole in their midst, another could destroy everything Peter's worked to build! Good thing Peter's got his old pal, Harry Osborn by his side, right? …Right?	Marvel	\N	2020-03-20 15:07:00.658801	2020-03-20 15:07:00.658801	\N	23	\N	12+	Civil War II	2	2016-07-13	\N	Christos N. Gage	Travel Foreman	Travel Foreman	Travel Foreman	Travel Foreman	\N	Travel Foreman	https://bcaf-comic-streaming-titles.s3-us-west-1.amazonaws.com/Civil+War+II+-+Amazing+Spider-Man+02+(of+04)+(2016)+(2+covers)+(digital)+(Minutemen-InnerDemons).cbr	https://bcaf-comic-streaming-titles.s3-us-west-1.amazonaws.com/BCAF-comic-streaming-testImages/Civil+War+II+-+Amazing+Spider-Man+02-000.jpg	active
e06a9e85-d0f8-452a-bd9b-1eca8c6ac0f8	Amazing Spider-Man	Ulysses' visions wreak havoc on Spider-Man. The Amazing Spider-Man and Clash fight a swarm of robots and Clash slide into old habits!	Marvel	\N	2020-03-20 15:07:00.665356	2020-03-20 15:07:00.665356	\N	23	\N	12+	Civil War II	3	2016-08-17	\N	Christos N. Gage	Travel Foreman	Travel Foreman	Travel Foreman	Travel Foreman	\N	Travel Foreman	https://bcaf-comic-streaming-titles.s3-us-west-1.amazonaws.com/Civil+War+II+-+Amazing+Spider-Man+03+(of+04)+(2016)+(2+covers)+(digital)+(Minutemen-InnerDemons).cbr	https://bcaf-comic-streaming-titles.s3-us-west-1.amazonaws.com/BCAF-comic-streaming-testImages/Civil+War+II+-+Amazing+Spider-Man+03-000.jpg	active
55771fbd-9b72-463a-ad79-d0f50bf79419	Amazing Spider-Man	The effects of Ulysses' prediction are felt as CLASH ATTACKS SPIDER-MAN!	Marvel	\N	2020-03-20 15:07:00.671395	2020-03-20 15:07:00.671395	\N	23	\N	12+	Civil War II	4	2016-09-14	\N	Christos N. Gage	Travel Foreman	Travel Foreman	Travel Foreman	Travel Foreman	\N	Travel Foreman	https://bcaf-comic-streaming-titles.s3-us-west-1.amazonaws.com/Civil+War+II+-+Amazing+Spider-Man+04+(of+04)+(2016)+(2+covers)+(digital)+(Minutemen-InnerDemons).cbr	https://bcaf-comic-streaming-titles.s3-us-west-1.amazonaws.com/BCAF-comic-streaming-testImages/Civil+War+II+-+Amazing+Spider-Man+04-000.jpg	active
6159abaa-0441-4979-988e-8a384cb6de12	A-Force	CIVIL WAR II TIE-IN! Civil War has come to A-FORCE! As the team is wrecked by a personal tragedy things only get worse when a predictive vision proclaims one of A-FORCE is a murderer. CAPTAIN MARVEL attempts an arrest, creating a rift that may very well mean the end of the team, and setting in motion a chain of devastating events that affect far more than just A-FORCE. Meanwhile foul-mouthed, gun-toting ELSA BLOODSTONE just unofficially joined A-Force. Looks like we're gonna need a bigger boat...and a verrrrry big black censor bar.	Marvel	\N	2020-03-20 15:07:00.673905	2020-03-20 15:07:00.673905	\N	22	\N	12+	Civil War II	8	2016-08-10	\N	Kelly Thompson	Paulo Siqueira	Paulo Siqueira	Paulo Siqueira	Paulo Siqueira	\N	Paulo Siqueira	https://bcaf-comic-streaming-titles.s3-us-west-1.amazonaws.com/A-Force+008+(2016)+(digital)+(Minutemen-Faessla).cbz	https://bcaf-comic-streaming-titles.s3-us-west-1.amazonaws.com/BCAF-comic-streaming-testImages/A-Force+008-000.jpg	active
275312fc-6fbe-42ba-afe4-043b2162d35a	Spider-Woman	\N	Marvel	\N	2020-03-20 15:07:00.901801	2020-03-20 15:07:00.901801	\N	0	\N	12+	Civil War II	11	\N	\N	\N	\N	\N	\N	\N	\N	\N	https://bcaf-comic-streaming-titles.s3-us-west-1.amazonaws.com/Spider-Woman+011+(2016)+(Digital)+(Zone-Empire).cbr	https://bcaf-comic-streaming-titles.s3-us-west-1.amazonaws.com/BCAF-comic-streaming-testImages/Spider-Woman+(2015-)+011-000.jpg	active
f1e090ce-c20e-4e84-a028-34d25e58b1d5	A-Force	The fates of NICO MINORU, a mysterious missing girl named Alice, and a small town in Colorado are all tied together as CIVIL WAR II heats up and threatens to tear A-FORCE apart. The team, with ELSA BLOODSTONE in foul-mouthed tow, splits up to hunt down the apparent source of the trouble in the hopes of saving the town. However, it soon becomes apparent that all is not what it seems with the team—A-Force is changing—and by morning there may not be anyone left to save the day.	Marvel	\N	2020-03-20 15:07:00.677821	2020-03-20 15:07:00.677821	\N	23	\N	12+	Civil War II	9	2016-09-14	\N	Kelly Thompson	Paulo Siqueira	Paulo Siqueira	Paulo Siqueira	Paulo Siqueira	\N	Paulo Siqueira	https://bcaf-comic-streaming-titles.s3-us-west-1.amazonaws.com/A-Force+009+(2016)+(2+covers)+(digital)+(Minutemen-Faessla).cbz	https://bcaf-comic-streaming-titles.s3-us-west-1.amazonaws.com/BCAF-comic-streaming-testImages/A-Force+009-000.jpg	active
20235145-eb30-4c0e-890b-f4244a29911a	A-Force	The lives of A-FORCE, a mysterious woman named Alice and an entire town lie in the hands of NICO MINORU. What Nico chooses to do next can save the day but can also make her a murderer — the very thing she's been running from since CAPTAIN MARVEL first tried to arrest her. And if A-Force manages to survive the day, can the team stay together? Or will this be the end of A-Force as we know it?	Marvel	\N	2020-03-20 15:07:00.680977	2020-03-20 15:07:00.680977	\N	22	\N	12+	Civil War II	10	2016-10-19	\N	Kelly Thompson	Paulo Siqueira	Paulo Siqueira	Paulo Siqueira	Paulo Siqueira	\N	Stephanie Hans	https://bcaf-comic-streaming-titles.s3-us-west-1.amazonaws.com/A-Force+010+(2016)+(digital)+(Minutemen-Faessla).cbz	https://bcaf-comic-streaming-titles.s3-us-west-1.amazonaws.com/BCAF-comic-streaming-testImages/A-Force+010-000.jpg	active
f2ef1d82-78fd-4c3f-b84b-a398b3859f65	Agents of S.H.I.E.L.D.	The AGENTS OF S.H.I.E.L.D. are thrust into the middle of a war between heroes, and nothing will ever be the same for S.H.I.E.L.D. itself and for our beloved team as this mission will have lasting ramifications for Coulson and his intrepid agents.	Marvel	\N	2020-03-20 15:07:00.683801	2020-03-20 15:07:00.683801	\N	21	\N	12+	Civil War II	7	2016-07-13	\N	Marc Guggenheim	German Peralta	German Peralta	German Peralta	German Peralta	\N	Mike Norton	https://bcaf-comic-streaming-titles.s3-us-west-1.amazonaws.com/Agents+of+S.H.I.E.L.D.+007+(2016)+(digital)+(Minutemen-Slayer).cbr	https://bcaf-comic-streaming-titles.s3-us-west-1.amazonaws.com/BCAF-comic-streaming-testImages/Agents+of+S.H.I.E.L.D.+007-000.jpg	active
76cc88c7-8e63-41be-a3ed-117af45f6ee2	Agents of S.H.I.E.L.D.	CIVIL WAR II TIE-IN! PHIL COULSON, agent of S.H.I.E.L.D. no more! Coulson has chosen a side in this war...HIS OWN! The THIRD FACTION begins here. You are not going to want to miss this seismic-change issue.	Marvel	\N	2020-03-20 15:07:00.68728	2020-03-20 15:07:00.68728	\N	21	\N	12+	Civil War II	8	2016-08-10	\N	Marc Guggenheim	German Peralta	German Peralta	German Peralta	German Peralta	\N	Mike Norton	https://bcaf-comic-streaming-titles.s3-us-west-1.amazonaws.com/Agents+of+S.H.I.E.L.D.+008+(2016)+(digital)+(Minutemen-Slayer).cbr	https://bcaf-comic-streaming-titles.s3-us-west-1.amazonaws.com/BCAF-comic-streaming-testImages/Agents+of+S.H.I.E.L.D.+008-000.jpg	active
4a918440-5cf2-449f-a372-f8cbef51bcc8	Agents of S.H.I.E.L.D.	IT'S COULSON VERSUS HIS TEAMMATES IN THIS EPIC SHOWDOWN! PHIL COULSON's THIRD FACTION is hitting the battlefield of CIVIL WAR II! But how will they fare against Coulson's former teammates and their new leader, ELEKTRA?? Sides are being chosen and these AGENTS OF S.H.I.E.L.D. will never be the same.	Marvel	\N	2020-03-20 15:07:00.689724	2020-03-20 15:07:00.689724	\N	23	\N	12+	Civil War II	9	2016-09-21	\N	Marc Guggenheim	German Peralta	German Peralta	German Peralta	German Peralta	\N	Mike Norton	https://bcaf-comic-streaming-titles.s3-us-west-1.amazonaws.com/Agents+of+S.H.I.E.L.D.+009+(2016)+(digital)+(Minutemen-Slayer).cbr	https://bcaf-comic-streaming-titles.s3-us-west-1.amazonaws.com/BCAF-comic-streaming-testImages/Agents+of+S.H.I.E.L.D.+009-000.jpg	active
272b90fd-1b0a-4f57-b33a-87e97b1243e8	Agents of S.H.I.E.L.D.	The S.H.I.E.L.D. Civil War Concludes! Will COULSON return to his team? Will JEMMA SIMMONS live? Who is the new DEATHLOK? Get your answers here!	Marvel	\N	2020-03-20 15:07:00.697704	2020-03-20 15:07:00.697704	\N	23	\N	12+	Civil War II	10	2016-10-26	\N	Marc Guggenheim	German Peralta	German Peralta	German Peralta	German Peralta	\N	Mike Norton	https://bcaf-comic-streaming-titles.s3-us-west-1.amazonaws.com/Agents+of+S.H.I.E.L.D.+010+(2016)+(digital)+(Minutemen-Slayer).cbr	https://bcaf-comic-streaming-titles.s3-us-west-1.amazonaws.com/BCAF-comic-streaming-testImages/Agents+of+S.H.I.E.L.D.+010-000.jpg	active
7ccf0e05-02b6-4040-9686-da439dd9071d	All-New Wolverine	CIVIL WAR II TIE-IN! Which side will WOLVERINE choose when a terrible prophecy puts someone she loves into the crosshairs of her allies? How far is LAURA willing to go to protect her loved ones? Teaming up with OLD MAN LOGAN, Laura is prepared to fight the very future itself to change her destiny.	Marvel	\N	2020-03-20 15:07:00.702243	2020-03-20 15:07:00.702243	\N	34	\N	12+	Civil War II	10	2016-07-20	\N	Tom Taylor	Ig Guara	Ig Guara	Ig Guara	Ig Guara	\N	Bengal	https://bcaf-comic-streaming-titles.s3-us-west-1.amazonaws.com/All-New+Wolverine+010+(2016)+(digital)+(Minutemen-Faessla).cbz	https://bcaf-comic-streaming-titles.s3-us-west-1.amazonaws.com/BCAF-comic-streaming-testImages/All-New+Wolverine+010-000.jpg	active
32245817-efbf-49fc-acf1-678a531c9376	All-New Wolverine	CIVIL WAR II TIE-IN! DESTINY COMES KNOCKING FOR WOLVERINE! LAURA KINNEY has fought all her life to avoid a destiny she did not want. She has fought against instincts that would make her nothing more than a weapon to be used by others, instead becoming a hero — becoming WOLVERINE. But now, destiny intrudes again, this time threatening those dearest to her. And with a SUPER HERO CIVIL WAR tearing her world apart, is there any hope that Wolverine will emerge victorious? Or will she finally succumb to destiny?	Marvel	\N	2020-03-20 15:07:00.705518	2020-03-20 15:07:00.705518	\N	23	\N	12+	Civil War II	11	2016-08-17	\N	Tom Taylor	Ig Guara	Ig Guara	Ig Guara	Ig Guara	\N	Bengal	https://bcaf-comic-streaming-titles.s3-us-west-1.amazonaws.com/All-New+Wolverine+011+(2016)+(Digital)+(BlackManta-Empire).cbr	https://bcaf-comic-streaming-titles.s3-us-west-1.amazonaws.com/BCAF-comic-streaming-testImages/All-New+Wolverine+(2015-)+011-000.jpg	active
599a445d-2c3f-47b2-aa48-1f2a366846db	All-New Wolverine	THE ASTONISHING CONCLUSION TO OUR CIVIL WAR II TIE IN! GABBY's life hangs in the balance, with her death having been predicted to be cut short by none other than OLD MAN LOGAN. As the shocking prediction looks to be coming true, LAURA's world is torn apart. Old Man Logan might be too old to stand against the fury of the ALL-NEW WOLVERINE.	Marvel	\N	2020-03-20 15:07:00.7097	2020-03-20 15:07:00.7097	\N	22	\N	12+	Civil War II	12	2016-09-21	\N	Tom Taylor	Ig Guara	Ig Guara	Ig Guara	Ig Guara	\N	Bengal	https://bcaf-comic-streaming-titles.s3-us-west-1.amazonaws.com/All-New+Wolverine+012+(2016)+(digital)+(Minutemen-Faessla).cbz	https://bcaf-comic-streaming-titles.s3-us-west-1.amazonaws.com/BCAF-comic-streaming-testImages/All-New+Wolverine+012-000.jpg	active
361348e1-0eb0-4ff5-ad24-5b5255ecb2b0	All-New, All-Different Avengers	CIVIL WAR II TIE-IN! Convinced that he has chosen the right side in the war, the Vision undertakes a manhunt through time in order to stop one of Earth's greatest evils!	Marvel	\N	2020-03-20 15:07:00.712299	2020-03-20 15:07:00.712299	\N	22	\N	12+	Civil War II	13	2016-08-10	\N	Mark Waid	Adam Kubert	Adam Kubert	Adam Kubert	Adam Kubert	\N	Alex Ross	https://bcaf-comic-streaming-titles.s3-us-west-1.amazonaws.com/All-New%2C+All-Different+Avengers+013+(2016)+(digital)+(Minutemen-Faessla).cbz	https://bcaf-comic-streaming-titles.s3-us-west-1.amazonaws.com/BCAF-comic-streaming-testImages/All-New%2C+All-Different+Avengers+013-000.jpg	active
fb529e1a-e80e-434b-ba3a-1300e53637eb	Captain America: Sam Wilson	Civil War II tie-in! In a time of crisis, Sam is called upon to honor a fallen hero- and speak to a divided nation. But is anyone listening?	Marvel	\N	2020-03-20 15:07:00.719471	2020-03-20 15:07:00.719471	\N	22	\N	12+	Civil War II	10	2016-06-22	\N	Nick Spencer	Angel Unzueta	Angel Unzueta	Angel Unzueta	Angel Unzueta	\N	Daniel Acuna	https://bcaf-comic-streaming-titles.s3-us-west-1.amazonaws.com/Captain+America+-+Sam+Wilson+010+(2016)+(2+covers)+(digital)+(Minutemen-Faessla).cbz	https://bcaf-comic-streaming-titles.s3-us-west-1.amazonaws.com/BCAF-comic-streaming-testImages/Captain+America+-+Sam+Wilson+010-000.jpg	active
59fdcfb9-569d-4955-b5c0-686cc617f9a0	Captain America: Sam Wilson	CIVIL WAR II TIE-IN! With the battle lines forming, Sam must choose a side.	Marvel	\N	2020-03-20 15:07:00.726824	2020-03-20 15:07:00.726824	\N	23	\N	12+	Civil War II	11	2016-07-06	\N	Nick Spencer	Daniel Acuna	Daniel Acuna	Daniel Acuna	Daniel Acuna	\N	Daniel Acuna	https://bcaf-comic-streaming-titles.s3-us-west-1.amazonaws.com/Captain+America+-+Sam+Wilson+011+(2016)+(digital)+(Minutemen-Faessla).cbz	https://bcaf-comic-streaming-titles.s3-us-west-1.amazonaws.com/BCAF-comic-streaming-testImages/Captain+America+-+Sam+Wilson+011-000.jpg	active
b3804964-aecb-47b9-ab00-c4ddfa8e1bc7	Captain America: Sam Wilson	CIVIL WAR II TIE-IN! Who are The Americops? #givebacktheshield is trending.	Marvel	\N	2020-03-20 15:07:00.729479	2020-03-20 15:07:00.729479	\N	23	\N	12+	Civil War II	12	2016-08-17	\N	Nick Spencer	Daniel Acuna	Daniel Acuna	Daniel Acuna	Daniel Acuna	\N	Daniel Acuna	https://bcaf-comic-streaming-titles.s3-us-west-1.amazonaws.com/Captain+America+-+Sam+Wilson+012+(2016)+(2+covers)+(digital)+(Mintuemen-Faessla).cbz	https://bcaf-comic-streaming-titles.s3-us-west-1.amazonaws.com/BCAF-comic-streaming-testImages/Captain+America+-+Sam+Wilson+012-000.jpg	active
7c3cfa96-4905-4dc5-8120-7b4625cee54b	Captain America: Sam Wilson	Captain America vs. U.S.Agent! No more waiting: #takebacktheshield	Marvel	\N	2020-03-20 15:07:00.731806	2020-03-20 15:07:00.731806	\N	21	\N	12+	Civil War II	13	2016-09-28	\N	Nick Spencer	Daniel Acuna	Daniel Acuna	Daniel Acuna	Daniel Acuna	\N	Daniel Acuna	https://bcaf-comic-streaming-titles.s3-us-west-1.amazonaws.com/Captain+America+-+Sam+Wilson+013+(2016)+(2+covers)+(digital)+(Minutemen-Faessla).cbz	https://bcaf-comic-streaming-titles.s3-us-west-1.amazonaws.com/BCAF-comic-streaming-testImages/Captain+America+-+Sam+Wilson+013-000.jpg	active
b2d8a83b-e8e2-4179-8c78-1fd428337a18	Captain America: Steve Rogers	CIVIL WAR II TIE-IN! With war on the horizon, Steve attempts to broker a truce between Iron Man and Captain Marvel.	Marvel	\N	2020-03-20 15:07:00.735294	2020-03-20 15:07:00.735294	\N	33	\N	12+	Civil War II	4	2016-08-24	\N	Nick Spencer	Javier Pina	Javier Pina	Javier Pina	Javier Pina	\N	Aaron Kuder	https://bcaf-comic-streaming-titles.s3-us-west-1.amazonaws.com/Captain+America+-+Steve+Rogers+004+(2016)+(digital)+(Minutemen-Faessla).cbz	https://bcaf-comic-streaming-titles.s3-us-west-1.amazonaws.com/BCAF-comic-streaming-testImages/Captain+America+-+Steve+Rogers+004-000.jpg	active
53cfe092-f8cd-46fe-bd64-08a1a8279919	Captain America: Steve Rogers	CIVIL WAR II TIE-IN! As heroes choose sides and tragedy strikes, Steve takes steps to end the war. Guest-starring the Invincible Iron Man!	Marvel	\N	2020-03-20 15:07:00.754532	2020-03-20 15:07:00.754532	\N	23	\N	12+	Civil War II	5	2016-09-28	\N	Nick Spencer	Javier Pina	Javier Pina	Javier Pina	Javier Pina	\N	Paul Renaud	https://bcaf-comic-streaming-titles.s3-us-west-1.amazonaws.com/Captain+America+-+Steve+Rogers+005+(2016)+(2+covers)+(digital)+(Minutemen-Faessla).cbz	https://bcaf-comic-streaming-titles.s3-us-west-1.amazonaws.com/BCAF-comic-streaming-testImages/Captain+America+-+Steve+Rogers+005-000.jpg	active
33e6ebaa-a603-4af7-adc2-61535d4981f5	Captain America: Steve Rogers	CIVIL WAR II TIE-IN! With the Marvel Universe at war, Steve fights for peace. Guest-starring Captain Marvel!	Marvel	\N	2020-03-20 15:07:00.757616	2020-03-20 15:07:00.757616	\N	23	\N	12+	Civil War II	6	2016-10-26	\N	Nick Spencer	Javier Pina	Javier Pina	Javier Pina	Javier Pina	\N	Paul Renaud	https://bcaf-comic-streaming-titles.s3-us-west-1.amazonaws.com/Captain+America+-+Steve+Rogers+006+(2016)+(digital)+(Minutemen-Faessla).cbz	https://bcaf-comic-streaming-titles.s3-us-west-1.amazonaws.com/BCAF-comic-streaming-testImages/Captain+America+-+Steve+Rogers+006-000.jpg	active
550a2d3d-061d-4443-bc89-ca85df92e171	Captain Marvel	Civil War II tie-in! Old friends face off as enemies in an event that will change Captain Marvel's life forever. As war erupts, Carol finds herself at the forefront of battle. But after tragedy hits too close to home, how far will Carol go to fight for what she believes in? This is Captain Marvel at her finest. In her toughest fight yet.	Marvel	\N	2020-03-20 15:07:00.761327	2020-03-20 15:07:00.761327	\N	23	\N	12+	Civil War II	6	2016-06-29	\N	Christos N. Gage\nRuth Fletcher Gage	Kris Anka	Kris Anka	Kris Anka	Kris Anka	\N	Kris Anka	https://bcaf-comic-streaming-titles.s3-us-west-1.amazonaws.com/Captain+Marvel+006+(2016)+(3+covers)+(digital)+(Minutemen-Slayer).cbr	https://bcaf-comic-streaming-titles.s3-us-west-1.amazonaws.com/BCAF-comic-streaming-testImages/Captain+Marvel+006-000.jpg	active
c72101f6-be06-4ced-9f0f-98c25384d052	Captain Marvel	CIVIL WAR II TIE-IN! Captain Marvel's determination reaches new heights as her rift with Iron Man gets deeper. It's a fight for the future as Carol and the Alpha Flight recruit more to their cause. But will forces outside of Captain Marvel destroy everything she's trying to protect?	Marvel	\N	2020-03-20 15:07:00.764898	2020-03-20 15:07:00.764898	\N	23	\N	12+	Civil War II	7	2016-07-27	\N	Christos N. Gage\nRuth Fletcher Gage	Kris Anka	Kris Anka	Kris Anka	Kris Anka	\N	Kris Anka	https://bcaf-comic-streaming-titles.s3-us-west-1.amazonaws.com/Captain+Marvel+007+(2016)+(digital)+(Minutemen-Slayer).cbr	https://bcaf-comic-streaming-titles.s3-us-west-1.amazonaws.com/BCAF-comic-streaming-testImages/Captain+Marvel+007-000.jpg	active
5eb4bc1b-2306-41db-96f1-e66283a0ed22	Captain Marvel	CIVIL WAR II TIE-IN! No time for second-guessing, Captain Marvel is determined to change the future to protect the present. With wins on her side, Carol knows her mission is the right thing to do, but does everyone else? It's a Civil War II story that will change everything for Captain Marvel.	Marvel	\N	2020-03-20 15:07:00.76992	2020-03-20 15:07:00.76992	\N	23	\N	12+	Civil War II	8	2016-08-24	\N	Christos N. Gage\nRuth Fletcher Gage	Kris Anka	Kris Anka	Kris Anka	Kris Anka	\N	Kris Anka	https://bcaf-comic-streaming-titles.s3-us-west-1.amazonaws.com/Captain+Marvel+008+(2016)+(digital)+(Minutemen-Slayer).cbr	https://bcaf-comic-streaming-titles.s3-us-west-1.amazonaws.com/BCAF-comic-streaming-testImages/Captain+Marvel+008-000.jpg	active
e684f7b5-5e78-4309-82b8-d2c3ab1e7d2d	Captain Marvel	CIVIL WAR II TIE-IN! Captain Marvel thought she had it figured out—change the future and save lives. But as friendships turn cold, she has to decide how far she's willing to go…	Marvel	\N	2020-03-20 15:07:00.775477	2020-03-20 15:07:00.775477	\N	23	\N	12+	Civil War II	9	2016-09-29	\N	Christos N. Gage\nRuth Fletcher Gage	Kris Anka	Kris Anka	Kris Anka	Kris Anka	\N	Kris Anka	https://bcaf-comic-streaming-titles.s3-us-west-1.amazonaws.com/Captain+Marvel+009+(2016)+(3+covers)+(digital)+(Minutemen-Slayer).cbr	https://bcaf-comic-streaming-titles.s3-us-west-1.amazonaws.com/BCAF-comic-streaming-testImages/Captain+Marvel+009-000.jpg	active
41e9c85e-938f-41e0-b3b2-198c45eb2ab1	Captain Marvel	CIVIL WAR II TIE-IN! The final showdown between Carol and Tony's forces. Fist meets metal in the ultimate battle for the future!	Marvel	\N	2020-03-20 15:07:00.779892	2020-03-20 15:07:00.779892	\N	26	\N	12+	Civil War II	10	2016-11-23	\N	Christos N. Gage\nRuth Fletcher Gage	Thony Silas	Thony Silas	Thony Silas	Thony Silas	\N	Kris Anka	https://bcaf-comic-streaming-titles.s3-us-west-1.amazonaws.com/Captain+Marvel+010+(2017)+(Digital)+(Zone-Empire).cbr	https://bcaf-comic-streaming-titles.s3-us-west-1.amazonaws.com/BCAF-comic-streaming-testImages/Captain+Marvel+(2016)+010-000.jpg	active
b5584a6d-d621-4919-9637-9787c14f156e	Invincible Iron Man	\N	Marvel	\N	2020-03-20 15:07:00.831859	2020-03-20 15:07:00.831859	\N	0	\N	12+	Civil War II	13	\N	\N	\N	\N	\N	\N	\N	\N	\N	https://bcaf-comic-streaming-titles.s3-us-west-1.amazonaws.com/Invincible+Iron+Man+013+(2016)+(3+covers)+(digital)+(Minutemen-Thoth).cbz	https://bcaf-comic-streaming-titles.s3-us-west-1.amazonaws.com/BCAF-comic-streaming-testImages/Invincible+Iron+Man+(2015-)+013-000.jpg	active
ba5d8e79-c7a4-4c5f-b68b-ff43a27a5cc0	Invincible Iron Man	\N	Marvel	\N	2020-03-20 15:07:00.834669	2020-03-20 15:07:00.834669	\N	0	\N	12+	Civil War II	14	\N	\N	\N	\N	\N	\N	\N	\N	\N	https://bcaf-comic-streaming-titles.s3-us-west-1.amazonaws.com/Invincible+Iron+Man+014+(2016)+(digital)+(Minutemen-Thoth).cbz	https://bcaf-comic-streaming-titles.s3-us-west-1.amazonaws.com/BCAF-comic-streaming-testImages/Invincible+Iron+Man+(2015-)+014-000.jpg	active
f9b356e5-deb7-4bec-9c20-75992b569b7d	New Avengers	\N	Marvel	\N	2020-03-20 15:07:00.837961	2020-03-20 15:07:00.837961	\N	0	\N	12+	Civil War II	12	\N	\N	\N	\N	\N	\N	\N	\N	\N	https://bcaf-comic-streaming-titles.s3-us-west-1.amazonaws.com/New+Avengers+012+(2016)+(3+covers)+(digital)+(Minutemen-Midas).cbr	https://bcaf-comic-streaming-titles.s3-us-west-1.amazonaws.com/BCAF-comic-streaming-testImages/New+Avengers+012-000a.jpg	active
709c632e-078c-499d-b898-ba2acc6de3b6	New Avengers	\N	Marvel	\N	2020-03-20 15:07:00.840264	2020-03-20 15:07:00.840264	\N	0	\N	12+	Civil War II	15	\N	\N	\N	\N	\N	\N	\N	\N	\N	https://bcaf-comic-streaming-titles.s3-us-west-1.amazonaws.com/New+Avengers+015+(2016)+(digital)+(Minutemen-Midas).cbr	https://bcaf-comic-streaming-titles.s3-us-west-1.amazonaws.com/BCAF-comic-streaming-testImages/New+Avengers+015-000.jpg	active
1a867d9e-e425-4188-b146-9b275ba6f6c5	New Avengers	\N	Marvel	\N	2020-03-20 15:07:00.84238	2020-03-20 15:07:00.84238	\N	0	\N	12+	Civil War II	16	\N	\N	\N	\N	\N	\N	\N	\N	\N	https://bcaf-comic-streaming-titles.s3-us-west-1.amazonaws.com/New+Avengers+016+(2016)+(digital)+(Minutemen-Midas).cbr	https://bcaf-comic-streaming-titles.s3-us-west-1.amazonaws.com/BCAF-comic-streaming-testImages/New+Avengers+016-000.jpg	active
5ca5a478-4d38-4375-906d-ddec438aeeb8	Nova	\N	Marvel	\N	2020-03-20 15:07:00.844492	2020-03-20 15:07:00.844492	\N	0	\N	12+	Civil War II	8	\N	\N	\N	\N	\N	\N	\N	\N	\N	https://bcaf-comic-streaming-titles.s3-us-west-1.amazonaws.com/Nova+008+(2016)+(2+covers)+(digital)+(Minutemen-Faessla).cbz	https://bcaf-comic-streaming-titles.s3-us-west-1.amazonaws.com/BCAF-comic-streaming-testImages/Nova+008-000.jpg	active
a11d61e9-78d1-4a38-bcfc-1bfbcbd7e8d0	Nova	\N	Marvel	\N	2020-03-20 15:07:00.84685	2020-03-20 15:07:00.84685	\N	0	\N	12+	Civil War II	9	\N	\N	\N	\N	\N	\N	\N	\N	\N	https://bcaf-comic-streaming-titles.s3-us-west-1.amazonaws.com/Nova+009+(2016)+(digital)+(Minutemen-Faessla).cbz	https://bcaf-comic-streaming-titles.s3-us-west-1.amazonaws.com/BCAF-comic-streaming-testImages/Nova+009-000.jpg	active
6609c536-342a-4b63-a913-138eb0f5cc1d	Patsy Walker - A.K.A. Hellcat!	\N	Marvel	\N	2020-03-20 15:07:00.855276	2020-03-20 15:07:00.855276	\N	0	\N	12+	Civil War II	8	\N	\N	\N	\N	\N	\N	\N	\N	\N	https://bcaf-comic-streaming-titles.s3-us-west-1.amazonaws.com/Patsy+Walker+-+A.K.A.+Hellcat!+008+(2016)+(Digital)+(Zone-Empire).cbr	https://bcaf-comic-streaming-titles.s3-us-west-1.amazonaws.com/BCAF-comic-streaming-testImages/Patsy+Walker%2C+A.K.A.+Hellcat!+(2015-)+008-000.jpg	active
5c10052e-14c6-4bca-9f6a-1413ec0ce1c0	Power Man and Iron Fist	\N	Marvel	\N	2020-03-20 15:07:00.857721	2020-03-20 15:07:00.857721	\N	0	\N	12+	Civil War II	6	\N	\N	\N	\N	\N	\N	\N	\N	\N	https://bcaf-comic-streaming-titles.s3-us-west-1.amazonaws.com/Power+Man+and+Iron+Fist+006+(2016)+(2+covers)+(digital)+(Minutemen-Midas).cbr	https://bcaf-comic-streaming-titles.s3-us-west-1.amazonaws.com/BCAF-comic-streaming-testImages/Power+Man+and+Iron+Fist+006-000a.jpg	active
5bdab05b-8aec-4e11-a6e4-901087a29ae1	Power Man and Iron Fist	\N	Marvel	\N	2020-03-20 15:07:00.861215	2020-03-20 15:07:00.861215	\N	0	\N	12+	Civil War II	8	\N	\N	\N	\N	\N	\N	\N	\N	\N	https://bcaf-comic-streaming-titles.s3-us-west-1.amazonaws.com/Power+Man+and+Iron+Fist+008+(2016)+(2+covers)+(digital)+(Minutemen-Midas).cbr	https://bcaf-comic-streaming-titles.s3-us-west-1.amazonaws.com/BCAF-comic-streaming-testImages/Power+Man+and+Iron+Fist+008-000a.jpg	active
d80ddf7b-0be4-4749-80ce-1768ce22e517	Power Man and Iron Fist	\N	Marvel	\N	2020-03-20 15:07:00.865942	2020-03-20 15:07:00.865942	\N	0	\N	12+	Civil War II	9	\N	\N	\N	\N	\N	\N	\N	\N	\N	https://bcaf-comic-streaming-titles.s3-us-west-1.amazonaws.com/Power+Man+and+Iron+Fist+009+(2016)+(Digital)+(BlackManta-Empire).cbr	https://bcaf-comic-streaming-titles.s3-us-west-1.amazonaws.com/BCAF-comic-streaming-testImages/Power+Man+and+Iron+Fist+009-000.jpg	active
769b4995-4f04-41da-a7bc-ffbd99275f2b	Rocket Raccoon & Groot	\N	Marvel	\N	2020-03-20 15:07:00.868737	2020-03-20 15:07:00.868737	\N	0	\N	12+	Civil War II	8	\N	\N	\N	\N	\N	\N	\N	\N	\N	https://bcaf-comic-streaming-titles.s3-us-west-1.amazonaws.com/Rocket+Raccoon+%26+Groot+008+(2016)+(2+covers)+(digital)+(Minutemen-Faessla).cbz	https://bcaf-comic-streaming-titles.s3-us-west-1.amazonaws.com/BCAF-comic-streaming-testImages/Rocket+Raccoon+%26+Groot+008-000.jpg	active
25bfc03a-554c-41b8-99ab-d56468e362b8	Rocket Raccoon & Groot	\N	Marvel	\N	2020-03-20 15:07:00.87122	2020-03-20 15:07:00.87122	\N	0	\N	12+	Civil War II	9	\N	\N	\N	\N	\N	\N	\N	\N	\N	https://bcaf-comic-streaming-titles.s3-us-west-1.amazonaws.com/Rocket+Raccoon+%26+Groot+009+(2016)+(digital)+(Minutemen-Faessla).cbz	https://bcaf-comic-streaming-titles.s3-us-west-1.amazonaws.com/BCAF-comic-streaming-testImages/Rocket+Raccoon+%26+Groot+009-000.jpg	active
5d08a3d8-5887-4148-ab45-b27030136ad7	Rocket Raccoon & Groot	\N	Marvel	\N	2020-03-20 15:07:00.873275	2020-03-20 15:07:00.873275	\N	0	\N	12+	Civil War II	10	\N	\N	\N	\N	\N	\N	\N	\N	\N	https://bcaf-comic-streaming-titles.s3-us-west-1.amazonaws.com/Rocket+Raccoon+%26+Groot+010+(2016)+(digital)+(Minutemen-Faessla).cbz	https://bcaf-comic-streaming-titles.s3-us-west-1.amazonaws.com/BCAF-comic-streaming-testImages/Rocket+Raccoon+%26+Groot+010-000.jpg	active
f112e1b8-033c-4f01-8665-203f067fb391	Scarlet Witch	\N	Marvel	\N	2020-03-20 15:07:00.87537	2020-03-20 15:07:00.87537	\N	0	\N	12+	Civil War II	9	\N	\N	\N	\N	\N	\N	\N	\N	\N	https://bcaf-comic-streaming-titles.s3-us-west-1.amazonaws.com/Scarlet+Witch+009+(2016)+(digital)+(Minutemen-Slayer).cbr	https://bcaf-comic-streaming-titles.s3-us-west-1.amazonaws.com/BCAF-comic-streaming-testImages/Scarlet+Witch+009-000.jpg	active
0210568e-f52a-4183-9399-3f59a37523f1	Spider-Man 2099	\N	Marvel	\N	2020-03-20 15:07:00.877986	2020-03-20 15:07:00.877986	\N	0	\N	12+	Civil War II	13	\N	\N	\N	\N	\N	\N	\N	\N	\N	https://bcaf-comic-streaming-titles.s3-us-west-1.amazonaws.com/Spider-Man+2099+013+(2016)+(digital)+(Minutemen-Midas).cbr	https://bcaf-comic-streaming-titles.s3-us-west-1.amazonaws.com/BCAF-comic-streaming-testImages/Spider-Man+2099+013-000.jpg	active
178563f9-82c6-47ab-8c12-b4864f07c04c	Spider-Man 2099	\N	Marvel	\N	2020-03-20 15:07:00.885626	2020-03-20 15:07:00.885626	\N	0	\N	12+	Civil War II	14	\N	\N	\N	\N	\N	\N	\N	\N	\N	https://bcaf-comic-streaming-titles.s3-us-west-1.amazonaws.com/Spider-Man+2099+014+(2016)+(digital)+(Minutemen-Midas).cbr	https://bcaf-comic-streaming-titles.s3-us-west-1.amazonaws.com/BCAF-comic-streaming-testImages/Spider-Man+2099+014-000.jpg	active
189969a6-8dce-41ea-9f49-38fbef55bb75	Spider-Man 2099	\N	Marvel	\N	2020-03-20 15:07:00.889632	2020-03-20 15:07:00.889632	\N	0	\N	12+	Civil War II	15	\N	\N	\N	\N	\N	\N	\N	\N	\N	https://bcaf-comic-streaming-titles.s3-us-west-1.amazonaws.com/Spider-Man+2099+015+(2016)+(digital)+(Minutemen-Midas).cbr	https://bcaf-comic-streaming-titles.s3-us-west-1.amazonaws.com/BCAF-comic-streaming-testImages/Spider-Man+2099+015-000.jpg	active
83b48730-ad02-4aa1-98bd-6e70a25473df	Spider-Man 2099	\N	Marvel	\N	2020-03-20 15:07:00.893929	2020-03-20 15:07:00.893929	\N	0	\N	12+	Civil War II	16	\N	\N	\N	\N	\N	\N	\N	\N	\N	https://bcaf-comic-streaming-titles.s3-us-west-1.amazonaws.com/Spider-Man+2099+016+(2016)+(digital)+(Minutemen-Midas).cbr	https://bcaf-comic-streaming-titles.s3-us-west-1.amazonaws.com/BCAF-comic-streaming-testImages/Spider-Man+2099+016-000.jpg	active
87714331-cbad-4da1-a923-e5dd2d16ef78	Spider-Woman	\N	Marvel	\N	2020-03-20 15:07:00.896581	2020-03-20 15:07:00.896581	\N	0	\N	12+	Civil War II	9	\N	\N	\N	\N	\N	\N	\N	\N	\N	https://bcaf-comic-streaming-titles.s3-us-west-1.amazonaws.com/Spider-Woman+009+(2016)+(Digital)+(Zone-Empire).cbr	https://bcaf-comic-streaming-titles.s3-us-west-1.amazonaws.com/BCAF-comic-streaming-testImages/Spider-Woman+(2015-)+009-000.jpg	active
edb18367-2bfe-465b-a286-3904a9b3cdd7	Spider-Woman	\N	Marvel	\N	2020-03-20 15:07:00.899279	2020-03-20 15:07:00.899279	\N	0	\N	12+	Civil War II	10	\N	\N	\N	\N	\N	\N	\N	\N	\N	https://bcaf-comic-streaming-titles.s3-us-west-1.amazonaws.com/Spider-Woman+010+(2016)+(Digital)+(Zone-Empire).cbr	https://bcaf-comic-streaming-titles.s3-us-west-1.amazonaws.com/BCAF-comic-streaming-testImages/Spider-Woman+(2015-)+010-000.jpg	active
b4381b6a-ed4c-4c28-bdab-ce100084ce7b	The Totally Awesome Hulk	\N	Marvel	\N	2020-03-20 15:07:00.930172	2020-03-20 15:07:00.930172	\N	0	\N	12+	Civil War II	8	\N	\N	\N	\N	\N	\N	\N	\N	\N	https://bcaf-comic-streaming-titles.s3-us-west-1.amazonaws.com/The+Totally+Awesome+Hulk+008+(2016)+(digital)+(Minutemen-Midas).cbr	https://bcaf-comic-streaming-titles.s3-us-west-1.amazonaws.com/BCAF-comic-streaming-testImages/The+Totally+Awesome+Hulk+008-000.jpg	active
cee13996-f28c-461f-b008-6e0a52d621fa	The Totally Awesome Hulk	\N	Marvel	\N	2020-03-20 15:07:00.932375	2020-03-20 15:07:00.932375	\N	0	\N	12+	Civil War II	9	\N	\N	\N	\N	\N	\N	\N	\N	\N	https://bcaf-comic-streaming-titles.s3-us-west-1.amazonaws.com/The+Totally+Awesome+Hulk+009+(2016)+(digital)+(Minutemen-Midas).cbr	https://bcaf-comic-streaming-titles.s3-us-west-1.amazonaws.com/BCAF-comic-streaming-testImages/The+Totally+Awesome+Hulk+009-000.jpg	active
fe5ef83f-2d6c-4db0-b4b8-17719600ba5d	The Totally Awesome Hulk	\N	Marvel	\N	2020-03-20 15:07:00.934709	2020-03-20 15:07:00.934709	\N	0	\N	12+	Civil War II	10	\N	\N	\N	\N	\N	\N	\N	\N	\N	https://bcaf-comic-streaming-titles.s3-us-west-1.amazonaws.com/The+Totally+Awesome+Hulk+010+(2016)+(2+covers)+(digital)+(Minutemen-Midas).cbr	https://bcaf-comic-streaming-titles.s3-us-west-1.amazonaws.com/BCAF-comic-streaming-testImages/The+Totally+Awesome+Hulk+010-000a.jpg	active
0c11bff7-d16d-4c0c-adce-9b8ca475ce76	The Totally Awesome Hulk	\N	Marvel	\N	2020-03-20 15:07:00.937626	2020-03-20 15:07:00.937626	\N	0	\N	12+	Civil War II	11	\N	\N	\N	\N	\N	\N	\N	\N	\N	https://bcaf-comic-streaming-titles.s3-us-west-1.amazonaws.com/The+Totally+Awesome+Hulk+011+(2016)+(digital)+(Minutemen-Midas).cbr	https://bcaf-comic-streaming-titles.s3-us-west-1.amazonaws.com/BCAF-comic-streaming-testImages/The+Totally+Awesome+Hulk+011-000.jpg	active
104da4c8-5172-4c86-9d53-68840623adcb	The Ultimates	\N	Marvel	\N	2020-03-20 15:07:00.93993	2020-03-20 15:07:00.93993	\N	0	\N	12+	Civil War II	9	\N	\N	\N	\N	\N	\N	\N	\N	\N	https://bcaf-comic-streaming-titles.s3-us-west-1.amazonaws.com/The+Ultimates+009+(2016)+(digital)+(Minutemen-Faessla).cbz	https://bcaf-comic-streaming-titles.s3-us-west-1.amazonaws.com/BCAF-comic-streaming-testImages/The+Ultimates+009-000.jpg	active
832371c0-6b42-40eb-806d-f261e5b48f7e	The Ultimates	\N	Marvel	\N	2020-03-20 15:07:00.947987	2020-03-20 15:07:00.947987	\N	0	\N	12+	Civil War II	10	\N	\N	\N	\N	\N	\N	\N	\N	\N	https://bcaf-comic-streaming-titles.s3-us-west-1.amazonaws.com/The+Ultimates+010+(2016)+(digital)+(Minutemen-Faessla).cbz	https://bcaf-comic-streaming-titles.s3-us-west-1.amazonaws.com/BCAF-comic-streaming-testImages/The+Ultimates+010-000.jpg	active
c270a930-f56d-43bd-8175-cd7be0eba6c8	The Ultimates	\N	Marvel	\N	2020-03-20 15:07:00.952902	2020-03-20 15:07:00.952902	\N	0	\N	12+	Civil War II	11	\N	\N	\N	\N	\N	\N	\N	\N	\N	https://bcaf-comic-streaming-titles.s3-us-west-1.amazonaws.com/The+Ultimates+011+(2016)+(2+covers)+(digital)+(Minutemen-Faessla).cbz	https://bcaf-comic-streaming-titles.s3-us-west-1.amazonaws.com/BCAF-comic-streaming-testImages/The+Ultimates+011-000.jpg	active
71f4552f-aced-4947-b403-beea3a387d1a	The Ultimates	\N	Marvel	\N	2020-03-20 15:07:00.955857	2020-03-20 15:07:00.955857	\N	0	\N	12+	Civil War II	12	\N	\N	\N	\N	\N	\N	\N	\N	\N	https://bcaf-comic-streaming-titles.s3-us-west-1.amazonaws.com/The+Ultimates+012+(2016)+(Digital)+(Zone-Empire).cbr	https://bcaf-comic-streaming-titles.s3-us-west-1.amazonaws.com/BCAF-comic-streaming-testImages/Ultimates+(2015-)+012-000.jpg	active
350b30ef-f485-4ca2-9b48-71283229a864	Thunderbolts	\N	Marvel	\N	2020-03-20 15:07:00.958572	2020-03-20 15:07:00.958572	\N	0	\N	12+	Civil War II	5	\N	\N	\N	\N	\N	\N	\N	\N	\N	https://bcaf-comic-streaming-titles.s3-us-west-1.amazonaws.com/Thunderbolts+005+(2016)+(2+covers)+(digital)+(Minutemen-Slayer).cbr	https://bcaf-comic-streaming-titles.s3-us-west-1.amazonaws.com/BCAF-comic-streaming-testImages/Thunderbolts+005-000.jpg	active
d1df3cd0-d5e9-4cfb-9c30-bf5e7474ca03	Uncanny Avengers	\N	Marvel	\N	2020-03-20 15:07:00.961241	2020-03-20 15:07:00.961241	\N	0	\N	12+	Civil War II	13	\N	\N	\N	\N	\N	\N	\N	\N	\N	https://bcaf-comic-streaming-titles.s3-us-west-1.amazonaws.com/Uncanny+Avengers+013+(2016)+(2+covers)+(digital)+(Minutemen-Faessla).cbz	https://bcaf-comic-streaming-titles.s3-us-west-1.amazonaws.com/BCAF-comic-streaming-testImages/Uncanny+Avengers+013-000.jpg	active
a80dfe13-c351-45d2-84fd-1f9f2b2aefe1	Uncanny Avengers	\N	Marvel	\N	2020-03-20 15:07:00.963627	2020-03-20 15:07:00.963627	\N	0	\N	12+	Civil War II	14	\N	\N	\N	\N	\N	\N	\N	\N	\N	https://bcaf-comic-streaming-titles.s3-us-west-1.amazonaws.com/Uncanny+Avengers+014+(2016)+(digital)+(Minutemen-Faessla).cbz	https://bcaf-comic-streaming-titles.s3-us-west-1.amazonaws.com/BCAF-comic-streaming-testImages/Uncanny+Avengers+014-000.jpg	active
612bd6a7-8127-4eb1-beb2-327025510c77	Uncanny Avengers	\N	Marvel	\N	2020-03-20 15:07:00.965791	2020-03-20 15:07:00.965791	\N	0	\N	12+	Civil War II	15	\N	\N	\N	\N	\N	\N	\N	\N	\N	https://bcaf-comic-streaming-titles.s3-us-west-1.amazonaws.com/Uncanny+Avengers+015+(2016)+(digital)+(Minutemen-Faessla).cbz	https://bcaf-comic-streaming-titles.s3-us-west-1.amazonaws.com/BCAF-comic-streaming-testImages/Uncanny+Avengers+015-000.jpg	active
cfa9e5b0-659c-4cbb-a998-590fda8f1557	Uncanny Inhumans	\N	Marvel	\N	2020-03-20 15:07:00.968315	2020-03-20 15:07:00.968315	\N	0	\N	12+	Civil War II	11	\N	\N	\N	\N	\N	\N	\N	\N	\N	https://bcaf-comic-streaming-titles.s3-us-west-1.amazonaws.com/Uncanny+Inhumans+011+(2016)+(digital)+(Minutemen-Faessla).cbz	https://bcaf-comic-streaming-titles.s3-us-west-1.amazonaws.com/BCAF-comic-streaming-testImages/Uncanny+Inhumans+011-000.jpg	active
eb3ce0fa-f682-466a-bab9-e8db4c988245	Uncanny Inhumans	\N	Marvel	\N	2020-03-20 15:07:00.971351	2020-03-20 15:07:00.971351	\N	0	\N	12+	Civil War II	13	\N	\N	\N	\N	\N	\N	\N	\N	\N	https://bcaf-comic-streaming-titles.s3-us-west-1.amazonaws.com/Uncanny+Inhumans+013+(2016)+(Digital)+(Zone-Empire).cbr	https://bcaf-comic-streaming-titles.s3-us-west-1.amazonaws.com/BCAF-comic-streaming-testImages/Uncanny+Inhumans+(2015-)+013-000.jpg	active
9297702a-cce3-49d3-811f-a4052ff4ba27	Uncanny Inhumans	\N	Marvel	\N	2020-03-20 15:07:00.980116	2020-03-20 15:07:00.980116	\N	0	\N	12+	Civil War II	14	\N	\N	\N	\N	\N	\N	\N	\N	\N	https://bcaf-comic-streaming-titles.s3-us-west-1.amazonaws.com/Uncanny+Inhumans+014+(2016)+(Digital)+(Zone-Empire).cbr	https://bcaf-comic-streaming-titles.s3-us-west-1.amazonaws.com/BCAF-comic-streaming-testImages/Uncanny+Inhumans+(2015-)+014-000.jpg	active
40cc407f-5d73-4941-b4a7-8bf189a3cad0	Venom - Space Knight	\N	Marvel	\N	2020-03-20 15:07:00.982339	2020-03-20 15:07:00.982339	\N	0	\N	12+	Civil War II	11	\N	\N	\N	\N	\N	\N	\N	\N	\N	https://bcaf-comic-streaming-titles.s3-us-west-1.amazonaws.com/Venom+-+Space+Knight+011+(2016)+(2+covers)+(digital)+(Mintuemen-Faessla).cbz	https://bcaf-comic-streaming-titles.s3-us-west-1.amazonaws.com/BCAF-comic-streaming-testImages/Venom+-+Space+Knight+011-000.jpg	active
f1ec4508-33bf-47a8-8e70-cf2a45a7345a	Venom - Space Knight	\N	Marvel	\N	2020-03-20 15:07:00.985801	2020-03-20 15:07:00.985801	\N	0	\N	12+	Civil War II	12	\N	\N	\N	\N	\N	\N	\N	\N	\N	https://bcaf-comic-streaming-titles.s3-us-west-1.amazonaws.com/Venom+-+Space+Knight+012+(2016)+(digital)+(Minutemen-Faessla).cbz	https://bcaf-comic-streaming-titles.s3-us-west-1.amazonaws.com/BCAF-comic-streaming-testImages/Venom+-+Space+Knight+012-000.jpg	active
9962f5fb-1e80-434e-9449-84733402829e	N/A	\N	\N	\N	2020-03-20 15:07:00.9888	2020-03-20 15:07:00.9888	\N	0	\N	\N	Dinosaucers	3	\N	\N	\N	\N	\N	\N	\N	\N	\N	https://bcaf-comic-streaming-titles.s3-us-west-1.amazonaws.com/Dinosaucers+003+(2018)+(digital)+(Son+of+Ultron-Empire).cbr	https://bcaf-comic-streaming-titles.s3-us-west-1.amazonaws.com/BCAF-comic-streaming-testImages/Dinosaucers+003-000.jpg	active
ae2cd780-5e13-4ae0-9785-4204586afd74	N/A	\N	\N	\N	2020-03-20 15:07:00.991693	2020-03-20 15:07:00.991693	\N	0	\N	\N	Dinosaucers	5	\N	\N	\N	\N	\N	\N	\N	\N	\N	https://bcaf-comic-streaming-titles.s3-us-west-1.amazonaws.com/Dinosaucers+005+(2019)+(digital)+(Son+of+Ultron-Empire).cbr	https://bcaf-comic-streaming-titles.s3-us-west-1.amazonaws.com/BCAF-comic-streaming-testImages/Dinosaucers+005-000.jpg	active
c8a8bcca-8f40-45a5-8a5a-7b7be73fc58c	N/A	\N	\N	\N	2020-03-20 15:07:00.993929	2020-03-20 15:07:00.993929	\N	0	\N	\N	Encounter	1	\N	\N	\N	\N	\N	\N	\N	\N	\N	https://bcaf-comic-streaming-titles.s3-us-west-1.amazonaws.com/Encounter+001+(2018)+(digital)+(Son+of+Ultron-Empire).cbr	https://bcaf-comic-streaming-titles.s3-us-west-1.amazonaws.com/BCAF-comic-streaming-testImages/Encounter+001-000.jpg	active
f033feb9-290d-44ec-ba1b-737decb23a37	N/A	\N	Marvel	\N	2020-03-20 15:07:00.995979	2020-03-20 15:07:00.995979	\N	0	\N	\N	Ms. Marvel	8	\N	\N	\N	\N	\N	\N	\N	\N	\N	https://bcaf-comic-streaming-titles.s3-us-west-1.amazonaws.com/Ms.+Marvel+008+(2016)+(Digital)+(Zone-Empire).cbr	https://bcaf-comic-streaming-titles.s3-us-west-1.amazonaws.com/BCAF-comic-streaming-testImages/Ms.+Marvel+008-000.jpg	active
2293a075-8186-426b-b70c-b95eb63a3aef	N/A	\N	Marvel	\N	2020-03-20 15:07:00.997975	2020-03-20 15:07:00.997975	\N	0	\N	\N	Ms. Marvel	9	\N	\N	\N	\N	\N	\N	\N	\N	\N	https://bcaf-comic-streaming-titles.s3-us-west-1.amazonaws.com/Ms.+Marvel+009+(2016)+(Digital)+(Zone-Empire).cbr	https://bcaf-comic-streaming-titles.s3-us-west-1.amazonaws.com/BCAF-comic-streaming-testImages/Ms.+Marvel+009-000.jpg	active
01a6a90d-b4b0-49f4-afbd-40daccfb7975	N/A	\N	Marvel	\N	2020-03-20 15:07:01.000031	2020-03-20 15:07:01.000031	\N	0	\N	\N	Ms. Marvel	10	\N	\N	\N	\N	\N	\N	\N	\N	\N	https://bcaf-comic-streaming-titles.s3-us-west-1.amazonaws.com/Ms.+Marvel+010+(2016)+(2+covers)+(digital)+(Minutemen-Faessla).cbz	https://bcaf-comic-streaming-titles.s3-us-west-1.amazonaws.com/BCAF-comic-streaming-testImages/Ms.+Marvel+010-000.jpg	active
00ddcf60-343a-4f97-9159-857d255c7a40	N/A	\N	Marvel	\N	2020-03-20 15:07:01.002873	2020-03-20 15:07:01.002873	\N	0	\N	\N	Ms. Marvel	11	\N	\N	\N	\N	\N	\N	\N	\N	\N	https://bcaf-comic-streaming-titles.s3-us-west-1.amazonaws.com/Ms.+Marvel+011+(2016)+(2+covers)+(digital)+(Minutemen-Faessla).cbz	https://bcaf-comic-streaming-titles.s3-us-west-1.amazonaws.com/BCAF-comic-streaming-testImages/Ms.+Marvel+011-000.jpg	active
7bb63e6e-6133-4fa6-b20b-dc8d5a099dbb	N/A	\N	\N	\N	2020-03-20 15:07:01.012405	2020-03-20 15:07:01.012405	\N	0	\N	\N	Moon Girl and Devil Dinosaur	40	\N	\N	\N	\N	\N	\N	\N	\N	\N	https://bcaf-comic-streaming-titles.s3-us-west-1.amazonaws.com/Moon+Girl+and+Devil+Dinosaur+040+(2019)+(Digital)+(Zone-Empire).cbr	https://bcaf-comic-streaming-titles.s3-us-west-1.amazonaws.com/BCAF-comic-streaming-testImages/Moon+Girl+and+Devil+Dinosaur+040-000.jpg	active
\.


--
-- Data for Name: libraries; Type: TABLE DATA; Schema: public; Owner: sdbmich
--

COPY public.libraries (id, name, created_at, updated_at, email, status, url, access_token, access_key, access_url, select_image_url, login_image_url, logo_url, domain, pin_url) FROM stdin;
c980efe7-7c59-4e03-9f41-614ddd293e34	Los Angeles Public Library	2020-01-13 05:36:07.555773	2020-01-13 05:36:07.555773	admin@lapl.org	active	http://www.lapl.org/about-lapl/borrower-services	aceb8547-cb52-4dae-b145-c2ce1375c719	eAouXQhPijBlBhkLSNq03g==	api/v1/library_cards	\N	\N	\N	\N	\N
0dbcd934-390a-4891-98c5-7ffcd2236848	Atlanta Public Library	2020-01-13 05:36:07.564916	2020-01-13 05:36:07.564916	admin@afpls.org	active	http://afpls.org/afplsservices/library-cards	1aeb3afc-7335-4a7f-ad19-a2a445507f9b	wIDKAhBvIU1W+Uc3YFAj6A==	api/v1/library_cards	\N	\N	\N	\N	\N
5b19296f-4edd-4355-b5db-bfd47b33f972	San Francisco Public Library	2020-01-13 05:36:07.548356	2020-08-02 17:40:39.924735	admin@sfpl.org	active	http://sfpl.libanswers.com/faq/65116	811f5353-ae35-4428-8cf8-be1cde0c6ab1	VxlQGOS+lrEjycJwIf6jbA==	https://sflib1/sfpl.org:4500/PATRONAPI/	https://bcaf-comic-streaming-titles.s3-us-west-1.amazonaws.com/bcaf-digital-images/San_Francisco_Public_Library_Main_Branch_looking_up-1800.jpg	https://bcaf-comic-streaming-titles.s3-us-west-1.amazonaws.com/bcaf-digital-images/The_Main_Library%2C_San_Francisco%2C_California_LCCN2013630232-1800.jpg	https://bcaf-comic-streaming-titles.s3-us-west-1.amazonaws.com/bcaf-digital-images/sfpl_logo-hi-res.png	sfpl	https://sflib1.sfpl.org:54620/PATRONAPI/
\.


--
-- Data for Name: library_cards; Type: TABLE DATA; Schema: public; Owner: sdbmich
--

COPY public.library_cards (id, library_key, card_id, library_name, member_name, access_token, created_at, updated_at) FROM stdin;
64035ede-2aed-4ab5-8bc0-d94e563c32de	wIDKAhBvIU1W+Uc3YFAj6A==	1234567890	Atlanta Public Library	Bennie Dickinson Jr.	5c44b0a2-7d4e-43ed-adf6-b25bdf5098b5	2020-01-13 05:36:07.843795	2020-01-13 05:36:07.843795
335638ce-ba94-46a5-aa26-1dc85e5d441b	wIDKAhBvIU1W+Uc3YFAj6A==	2345678901	Atlanta Public Library	Cherly Christiansen	fd81c90d-9ef2-496c-badc-d196494c32e6	2020-01-13 05:36:07.847639	2020-01-13 05:36:07.847639
36f042dc-b6dc-43e0-87e2-9e02e396f262	VxlQGOS+lrEjycJwIf6jbA==	3456789012	San Francisco Public Library	Connie Reilly	db388a5c-317c-4003-b1fc-df7dc61b874f	2020-01-13 05:36:07.851344	2020-01-13 05:36:07.851344
49e56a3f-bf42-442f-b002-bbb09d1e6579	VxlQGOS+lrEjycJwIf6jbA==	4567890123	San Francisco Public Library	Loyd Ullrich	a74556f8-9230-48e3-bfd3-bda34469be07	2020-01-13 05:36:07.854859	2020-01-13 05:36:07.854859
773ed87c-0d10-4948-9ab1-974ac36d16ad	eAouXQhPijBlBhkLSNq03g==	5678901234	Los Angeles Public Library	Mr. Roseann Murazik	8d8025ea-672d-4082-8644-9aa95dcab099	2020-01-13 05:36:07.858495	2020-01-13 05:36:07.858495
ccc3a9c8-9441-4a01-84ea-1b048363fd83	eAouXQhPijBlBhkLSNq03g==	6789012345	Los Angeles Public Library	Whitney Becker	8bb6fdbc-1a5e-4df3-b6f0-e5a3f4bef8e9	2020-01-13 05:36:07.861942	2020-01-13 05:36:07.861942
\.


--
-- Data for Name: library_items; Type: TABLE DATA; Schema: public; Owner: sdbmich
--

COPY public.library_items (id, library_id, item_id, status, created_at, updated_at, amount, isbn, language) FROM stdin;
ed4609a1-3700-4acb-9851-6a20676f99d0	5b19296f-4edd-4355-b5db-bfd47b33f972	00ddcf60-343a-4f97-9159-857d255c7a40	active	2020-03-21 02:44:28.114877	2020-03-21 02:44:28.114877	9.99	197d381a-7017-4a41-aada-d96f42d5d627	English
57dc97de-07de-4967-b4cb-67f773262dcd	5b19296f-4edd-4355-b5db-bfd47b33f972	01a6a90d-b4b0-49f4-afbd-40daccfb7975	active	2020-03-21 02:44:28.123182	2020-03-21 02:44:28.123182	9.99	3648acf2-1ebe-4024-9ab5-bf6624089012	English
2baae293-a915-4bf9-a594-250bb65c0e25	5b19296f-4edd-4355-b5db-bfd47b33f972	0210568e-f52a-4183-9399-3f59a37523f1	active	2020-03-21 02:44:28.126641	2020-03-21 02:44:28.126641	9.99	383930ff-b923-4de4-adce-249caf80af15	English
dff351fe-9fc6-4781-b012-e4f2987934e8	5b19296f-4edd-4355-b5db-bfd47b33f972	0a40b429-225b-435d-8fed-9e5fb3949fa8	active	2020-03-21 02:44:28.132037	2020-03-21 02:44:28.132037	9.99	eac6382c-fdf5-44ec-8b4c-084876b87e89	English
53ba37c1-fa1f-4425-9fd5-6285b1e9e815	5b19296f-4edd-4355-b5db-bfd47b33f972	0abdba27-7588-489c-ade3-bf11a5e555b2	active	2020-03-21 02:44:28.136577	2020-03-21 02:44:28.136577	9.99	1821278e-1e1e-4302-9c2b-1569de06e802	English
1059a702-2646-4e49-92f4-0aa138e07583	5b19296f-4edd-4355-b5db-bfd47b33f972	0ad50f31-5ce9-46f7-a8f8-e0d6ffc2661b	active	2020-03-21 02:44:28.140604	2020-03-21 02:44:28.140604	9.99	fec34247-897f-4872-a715-f2ceef64213a	English
b61197b0-7ac2-46ec-8961-b5c4000a7f19	5b19296f-4edd-4355-b5db-bfd47b33f972	0b21d48b-a8db-42b6-801b-9b32887c854e	active	2020-03-21 02:44:28.145266	2020-03-21 02:44:28.145266	9.99	14c8c40a-fa5f-430e-b5f9-848120abb42b	English
1907759f-126d-4d2b-8547-e0eadd96a334	5b19296f-4edd-4355-b5db-bfd47b33f972	0c11bff7-d16d-4c0c-adce-9b8ca475ce76	active	2020-03-21 02:44:28.14973	2020-03-21 02:44:28.14973	9.99	4e115754-31c5-499f-bd79-70767ea1fbfb	English
114df5be-573f-445e-8c41-f2445b0255ff	5b19296f-4edd-4355-b5db-bfd47b33f972	104da4c8-5172-4c86-9d53-68840623adcb	active	2020-03-21 02:44:28.153288	2020-03-21 02:44:28.153288	9.99	969472d0-5b2b-46e1-b531-9e1c5120be3c	English
710b67a6-99f3-45b2-9234-1ffbac1444c2	5b19296f-4edd-4355-b5db-bfd47b33f972	11948cef-bb83-4b40-8095-8b726b6d336d	active	2020-03-21 02:44:28.156655	2020-03-21 02:44:28.156655	9.99	514fd31e-1e62-4a06-a59b-770f194d520d	English
11590759-67d9-4185-818b-17e8f326d6bb	5b19296f-4edd-4355-b5db-bfd47b33f972	15e34525-9a1e-46aa-9acc-c9b8cd86f158	active	2020-03-21 02:44:28.162269	2020-03-21 02:44:28.162269	9.99	6ee87b6a-aade-45f1-bdf2-33ceff9714a1	English
4e62577c-b675-41ad-b5d8-c432d09d41c6	5b19296f-4edd-4355-b5db-bfd47b33f972	178563f9-82c6-47ab-8c12-b4864f07c04c	active	2020-03-21 02:44:28.167932	2020-03-21 02:44:28.167932	9.99	b8d05095-51fb-4e41-b5ef-037867fd5075	English
ba96ae6c-234d-4814-8e84-8d4507d30f89	5b19296f-4edd-4355-b5db-bfd47b33f972	17f9b761-d08a-4dcc-9a77-0e8cb6ab0a5a	active	2020-03-21 02:44:28.172733	2020-03-21 02:44:28.172733	9.99	d06e8c7b-729e-4ce0-bb8e-7a96a15dd19c	English
d88c360c-1654-4d46-8122-515b1b3ec044	5b19296f-4edd-4355-b5db-bfd47b33f972	18602539-7b1a-4fd6-9e69-695d0f8ccf44	active	2020-03-21 02:44:28.178679	2020-03-21 02:44:28.178679	9.99	42035bb2-b050-4af9-aced-06c5837fd3b2	English
67999889-0e16-48dd-863e-309053fe9c82	5b19296f-4edd-4355-b5db-bfd47b33f972	189969a6-8dce-41ea-9f49-38fbef55bb75	active	2020-03-21 02:44:28.18415	2020-03-21 02:44:28.18415	9.99	8c29e2e5-9949-47ea-bd36-0671bcb21c14	English
fe2ac7b6-483c-4b8e-ba6f-b113e8cae849	5b19296f-4edd-4355-b5db-bfd47b33f972	1a867d9e-e425-4188-b146-9b275ba6f6c5	active	2020-03-21 02:44:28.190227	2020-03-21 02:44:28.190227	9.99	5526fd19-5f44-4f76-b12e-c01c68f5265c	English
ecb4df66-05d8-423f-bb9b-e211e8366fa7	5b19296f-4edd-4355-b5db-bfd47b33f972	1b6b841b-3352-47fd-a7dd-1072f80ab0e6	active	2020-03-21 02:44:28.196534	2020-03-21 02:44:28.196534	9.99	e4bfe787-7c09-46b3-9449-6303fadbb349	English
41e876c8-9156-4bb2-90fd-f1b0baa4a85a	5b19296f-4edd-4355-b5db-bfd47b33f972	1c83208a-8f21-4dc9-968a-7d135a31d8a4	active	2020-03-21 02:44:28.201582	2020-03-21 02:44:28.201582	9.99	34464b14-2eb0-4ed0-8293-187c0d5b28ad	English
22d55319-d3a3-45ea-b18d-ecc32e5cc8ff	5b19296f-4edd-4355-b5db-bfd47b33f972	1c92b951-d278-48c4-a523-0b23462c4331	active	2020-03-21 02:44:28.208061	2020-03-21 02:44:28.208061	9.99	786f9084-de0b-4632-b8f9-ce8284628364	English
d36bea46-f9e0-4e0b-ac5e-25dd12a4ce5b	5b19296f-4edd-4355-b5db-bfd47b33f972	1cd068de-d149-4ce0-8ca1-956feb1b0aa9	active	2020-03-21 02:44:28.214968	2020-03-21 02:44:28.214968	9.99	1b0e3927-cdb6-42a2-bfcf-6cfd72a54b42	English
b81f3ec6-5926-4373-bcb8-223ba4325624	5b19296f-4edd-4355-b5db-bfd47b33f972	20235145-eb30-4c0e-890b-f4244a29911a	active	2020-03-21 02:44:28.220734	2020-03-21 02:44:28.220734	9.99	c2756a6e-6807-449f-96d3-a7f49c4be68b	English
10c3f39d-17c5-4801-a15d-181401e6993b	5b19296f-4edd-4355-b5db-bfd47b33f972	20604a0e-b140-4e5c-bdf9-33c8af30fcc7	active	2020-03-21 02:44:28.225746	2020-03-21 02:44:28.225746	9.99	7dc4bc4e-1cf6-4d59-9fda-e86825cfc43a	English
7f279bd2-2375-4e70-a9e1-e5531fd990cc	5b19296f-4edd-4355-b5db-bfd47b33f972	2293a075-8186-426b-b70c-b95eb63a3aef	active	2020-03-21 02:44:28.23117	2020-03-21 02:44:28.23117	9.99	abb37371-4216-4a0d-8215-b81cd3c4073f	English
be7e0056-cf43-429f-9e97-23686df0fcc6	5b19296f-4edd-4355-b5db-bfd47b33f972	22d05688-b240-4f18-8cba-a267e7f9e1ac	active	2020-03-21 02:44:28.235921	2020-03-21 02:44:28.235921	9.99	a57d8d09-3ca1-428d-81f1-8ab32511c3c6	English
3823d5d5-5cc3-45da-9cc0-97c2404ade75	5b19296f-4edd-4355-b5db-bfd47b33f972	25bfc03a-554c-41b8-99ab-d56468e362b8	active	2020-03-21 02:44:28.241135	2020-03-21 02:44:28.241135	9.99	5385bff9-1175-4302-9d83-e58e45bd07eb	English
771fdde4-6f8a-4183-9097-883474e95d50	5b19296f-4edd-4355-b5db-bfd47b33f972	272b90fd-1b0a-4f57-b33a-87e97b1243e8	active	2020-03-21 02:44:28.246842	2020-03-21 02:44:28.246842	9.99	caaf4a79-0d6f-4ebe-a975-e85f167a0c3c	English
778ae55a-a2d5-4744-80b7-33e8d032729d	5b19296f-4edd-4355-b5db-bfd47b33f972	27419075-eaf9-4d0c-8043-bffda2f69e72	active	2020-03-21 02:44:28.251944	2020-03-21 02:44:28.251944	9.99	49c98a7c-18d6-4416-9838-9223e586827a	English
e97a717b-50c5-4c51-9076-49470ac642ac	5b19296f-4edd-4355-b5db-bfd47b33f972	275312fc-6fbe-42ba-afe4-043b2162d35a	active	2020-03-21 02:44:28.25795	2020-03-21 02:44:28.25795	9.99	6bc6b3d8-b55e-481b-b6f4-803d05f103ce	English
65b45441-61e6-40b8-9576-71058e2218df	5b19296f-4edd-4355-b5db-bfd47b33f972	2a0bf7ec-dd34-4be8-a1fb-24f9394b8cb4	active	2020-03-21 02:44:28.270233	2020-03-21 02:44:28.270233	9.99	76ff5360-dfe8-4eab-b6c7-48cf5d10a7dc	English
738397aa-0c98-4e89-abc6-5b50efe60c6c	5b19296f-4edd-4355-b5db-bfd47b33f972	31f1f564-a255-47dd-bda5-a2b875b9a73a	active	2020-03-21 02:44:28.27337	2020-03-21 02:44:28.27337	9.99	46bcd825-0a2b-4387-bf7d-8a63e9659c00	English
beeaa87e-fd18-489c-8720-35c6bbfbcb80	5b19296f-4edd-4355-b5db-bfd47b33f972	32245817-efbf-49fc-acf1-678a531c9376	active	2020-03-21 02:44:28.27708	2020-03-21 02:44:28.27708	9.99	beaf4552-11b2-46b5-a7db-7f050bf1880a	English
5a2ad92a-3bd9-4485-8cb9-50cb6b177218	5b19296f-4edd-4355-b5db-bfd47b33f972	32e7e8d5-8ec4-4a8d-9311-ff36fc78c57f	active	2020-03-21 02:44:28.280367	2020-03-21 02:44:28.280367	9.99	2e75a673-0be0-4e52-93a6-5aaab30a3130	English
ad2012c2-481c-4d78-bb51-0b43f9abcbf7	5b19296f-4edd-4355-b5db-bfd47b33f972	33e6ebaa-a603-4af7-adc2-61535d4981f5	active	2020-03-21 02:44:28.284665	2020-03-21 02:44:28.284665	9.99	c3585d73-7487-4b03-b74f-c62be57177a0	English
3fef871b-81f1-4757-89cb-3b0fb92e96f0	5b19296f-4edd-4355-b5db-bfd47b33f972	34cc8e6b-4510-49ea-a7e7-fff63021a293	active	2020-03-21 02:44:28.28784	2020-03-21 02:44:28.28784	9.99	3e77bc90-592e-4cd1-af04-d84e4aca6414	English
e27c804c-ca13-45be-9561-9e90540530f6	5b19296f-4edd-4355-b5db-bfd47b33f972	350b30ef-f485-4ca2-9b48-71283229a864	active	2020-03-21 02:44:28.291808	2020-03-21 02:44:28.291808	9.99	e6645e8c-1a58-44a8-ad7d-b2f681f2445c	English
47c15406-44a4-474c-bc7c-7756c5a9cfe9	5b19296f-4edd-4355-b5db-bfd47b33f972	361348e1-0eb0-4ff5-ad24-5b5255ecb2b0	active	2020-03-21 02:44:28.295367	2020-03-21 02:44:28.295367	9.99	3993694b-c25a-46ea-a134-fa31716616de	English
c3eaec06-f7ab-4f38-90cf-77bc8fb35ef9	5b19296f-4edd-4355-b5db-bfd47b33f972	370222cb-629d-455f-b983-93e8ce2d5c69	active	2020-03-21 02:44:28.298496	2020-03-21 02:44:28.298496	9.99	f73bcd34-eb00-404b-847c-37a36c62ce43	English
15d21f16-0427-44f3-8e4e-d479cc7345ac	5b19296f-4edd-4355-b5db-bfd47b33f972	3724bfa9-e3b7-4a05-92ed-4cc599df7f5d	active	2020-03-21 02:44:28.302174	2020-03-21 02:44:28.302174	9.99	e5ee670d-0dac-4ded-b0b8-9bf56e99d5b1	English
4159457d-ad05-4fdc-8828-1813be07e956	5b19296f-4edd-4355-b5db-bfd47b33f972	3eeece34-f643-4843-b521-1fdd1af2ede7	active	2020-03-21 02:44:28.305123	2020-03-21 02:44:28.305123	9.99	d2ad9259-53f5-4c90-bd58-f66b07456fae	English
d0ce61f8-8acc-490b-b2a4-699aef70e9b0	5b19296f-4edd-4355-b5db-bfd47b33f972	405fe0fe-5b81-4159-beb8-61d0da003b3f	active	2020-03-21 02:44:28.308518	2020-03-21 02:44:28.308518	9.99	2e5d78c8-3c47-443d-b792-37ce48f37e2c	English
e06bb23c-0e37-4967-8efc-375bd52e54aa	5b19296f-4edd-4355-b5db-bfd47b33f972	40cc407f-5d73-4941-b4a7-8bf189a3cad0	active	2020-03-21 02:44:28.312345	2020-03-21 02:44:28.312345	9.99	68e6c26d-450f-4c00-b053-d224fd45b973	English
5424cc95-35e7-4852-a477-e498304a4581	5b19296f-4edd-4355-b5db-bfd47b33f972	41e9c85e-938f-41e0-b3b2-198c45eb2ab1	active	2020-03-21 02:44:28.315674	2020-03-21 02:44:28.315674	9.99	c67dd8b2-dfd7-4799-9104-6cdb53a4f351	English
1e319b92-97bb-4909-9056-91967b2be1d8	5b19296f-4edd-4355-b5db-bfd47b33f972	4213022c-fd73-44ab-adc5-a2500647dec5	active	2020-03-21 02:44:28.318761	2020-03-21 02:44:28.318761	9.99	81554c86-995f-473d-a59b-2b5e3f5d995a	English
9dbeb9bf-289a-431e-baaa-86b84d3be358	5b19296f-4edd-4355-b5db-bfd47b33f972	43b9c18d-4e54-4f5d-aea7-49e82d5a8175	active	2020-03-21 02:44:28.322087	2020-03-21 02:44:28.322087	9.99	2f39d6ec-973c-453c-bbbc-666485006284	English
0f1ea90e-750c-45c5-b729-ed68ffe97109	5b19296f-4edd-4355-b5db-bfd47b33f972	4a4c160e-0be3-44a2-a8d1-744de0cb6f4e	active	2020-03-21 02:44:28.325057	2020-03-21 02:44:28.325057	9.99	c7d88883-20f2-4a85-8725-5e710adaef14	English
5a7d95b2-cdb5-47b8-be91-d7e84f2301e5	5b19296f-4edd-4355-b5db-bfd47b33f972	4a918440-5cf2-449f-a372-f8cbef51bcc8	active	2020-03-21 02:44:28.328741	2020-03-21 02:44:28.328741	9.99	82618acf-19bb-446b-9ada-7fa0bfece986	English
58708c51-0dfd-4860-96e5-45b43d10ad2b	5b19296f-4edd-4355-b5db-bfd47b33f972	4c1333bc-e48e-48ce-8012-1c4853e57070	active	2020-03-21 02:44:28.331622	2020-03-21 02:44:28.331622	9.99	4cf98c31-8a43-401e-a54d-f225c1d7bb5d	English
06d420f9-a636-4d49-9bb7-56773f6efe8f	5b19296f-4edd-4355-b5db-bfd47b33f972	4eb19ca9-12b1-4195-ab2d-89a9e4ceb465	active	2020-03-21 02:44:28.334431	2020-03-21 02:44:28.334431	9.99	2ce27054-348f-411c-9bfe-f29680427689	English
83453c21-a38b-47d0-801a-050db7917f31	5b19296f-4edd-4355-b5db-bfd47b33f972	51fb2e17-d878-40d2-801c-cdae6d56e864	active	2020-03-21 02:44:28.337237	2020-03-21 02:44:28.337237	9.99	d4957a26-cde4-4e4c-b714-8d3e41bb1874	English
26e82a04-03be-4191-8561-09e5113b9af8	5b19296f-4edd-4355-b5db-bfd47b33f972	53cfe092-f8cd-46fe-bd64-08a1a8279919	active	2020-03-21 02:44:28.340222	2020-03-21 02:44:28.340222	9.99	91089820-c903-4a0b-af66-cc3b05b169a1	English
daab153a-b81a-45db-a31a-a64dbc3e9f38	5b19296f-4edd-4355-b5db-bfd47b33f972	53d3cf63-28cc-46f9-9d4b-d136dc986aea	active	2020-03-21 02:44:28.344554	2020-03-21 02:44:28.344554	9.99	df2ada61-a20f-4bfc-bacd-874b0bc712a6	English
92f9b71d-f0a2-4472-9115-66b58a288fa3	5b19296f-4edd-4355-b5db-bfd47b33f972	54792e48-5dc8-44de-8154-d7e9f4aa3828	active	2020-03-21 02:44:28.347531	2020-03-21 02:44:28.347531	9.99	0f4c3161-3851-4bfa-bcf2-fb563aa688e4	English
1aae30f9-3eb8-49ff-9c41-f9eaa9fe9615	5b19296f-4edd-4355-b5db-bfd47b33f972	550a2d3d-061d-4443-bc89-ca85df92e171	active	2020-03-21 02:44:28.35036	2020-03-21 02:44:28.35036	9.99	9052a459-25d3-4d15-a5cd-37fe50e028bc	English
b2899e35-f089-4784-9a4f-9b7cffe9031d	5b19296f-4edd-4355-b5db-bfd47b33f972	55771fbd-9b72-463a-ad79-d0f50bf79419	active	2020-03-21 02:44:28.353241	2020-03-21 02:44:28.353241	9.99	c00e2983-f1e6-4827-9f90-51f4eb58e85d	English
7981e0a5-cd9d-4e67-990c-86838a13ece1	5b19296f-4edd-4355-b5db-bfd47b33f972	57634916-0b70-4486-994a-a845d87362ea	active	2020-03-21 02:44:28.356131	2020-03-21 02:44:28.356131	9.99	a07e633f-313a-4e48-9993-58066114053c	English
542f723f-5172-4831-a143-5fa7ec651182	5b19296f-4edd-4355-b5db-bfd47b33f972	599a445d-2c3f-47b2-aa48-1f2a366846db	active	2020-03-21 02:44:28.359735	2020-03-21 02:44:28.359735	9.99	2bcd7f4b-9f88-46b2-b1cf-6a28f16824e4	English
fb1e43aa-4801-4beb-a430-bc058a8c7a4a	5b19296f-4edd-4355-b5db-bfd47b33f972	59fdcfb9-569d-4955-b5c0-686cc617f9a0	active	2020-03-21 02:44:28.362863	2020-03-21 02:44:28.362863	9.99	475d73a6-6fb2-4f01-8e7b-a21911239d41	English
9ee01f12-5b1f-44e9-b4d9-e44f846318f2	5b19296f-4edd-4355-b5db-bfd47b33f972	5af2f084-923b-46de-ba7f-c82efbd9b7c6	active	2020-03-21 02:44:28.367047	2020-03-21 02:44:28.367047	9.99	139e3080-1f81-43ad-886f-e33ebcd9b763	English
5b427fea-71a0-4de1-90bb-c71dc5b1d315	5b19296f-4edd-4355-b5db-bfd47b33f972	5bdab05b-8aec-4e11-a6e4-901087a29ae1	active	2020-03-21 02:44:28.370088	2020-03-21 02:44:28.370088	9.99	f725041c-7fe2-47b1-9836-a22bba769dcf	English
5d436d07-36e1-455d-af1a-3354ac942180	5b19296f-4edd-4355-b5db-bfd47b33f972	5c10052e-14c6-4bca-9f6a-1413ec0ce1c0	active	2020-03-21 02:44:28.373015	2020-03-21 02:44:28.373015	9.99	62887ab6-181a-45f0-82c0-cbde1c6c0dc7	English
74b22296-f0ad-4d5a-a16a-9f62b60a5444	5b19296f-4edd-4355-b5db-bfd47b33f972	5ca5a478-4d38-4375-906d-ddec438aeeb8	active	2020-03-21 02:44:28.376006	2020-03-21 02:44:28.376006	9.99	35086421-0e37-4337-82fb-dd7248ce815a	English
4fc8398e-721c-4810-b729-870fd5f9766c	5b19296f-4edd-4355-b5db-bfd47b33f972	5d08a3d8-5887-4148-ab45-b27030136ad7	active	2020-03-21 02:44:28.379071	2020-03-21 02:44:28.379071	9.99	4ab9ea4c-fad0-4e1c-aadf-5dd3c709f379	English
894fc243-0a67-4fa4-b2c5-c8f53d93aa04	5b19296f-4edd-4355-b5db-bfd47b33f972	5dea7969-30f8-4b60-ac18-23c37709a87e	active	2020-03-21 02:44:28.382134	2020-03-21 02:44:28.382134	9.99	5793e128-fd81-4c54-acaf-b28bda99bea1	English
d1966911-0198-4c83-9fff-b46c6c337c20	5b19296f-4edd-4355-b5db-bfd47b33f972	5eb4bc1b-2306-41db-96f1-e66283a0ed22	active	2020-03-21 02:44:28.384803	2020-03-21 02:44:28.384803	9.99	bed359d9-5c0f-4d56-b00f-c119f84cb8d7	English
30381f09-f8e8-42c3-9bec-2c262c2bbdf7	5b19296f-4edd-4355-b5db-bfd47b33f972	5f37d7e2-9810-4c0f-abdd-728623477284	active	2020-03-21 02:44:28.387848	2020-03-21 02:44:28.387848	9.99	b92db3a1-c191-4a99-8e3c-ba6a481fe654	English
6b290ac0-673a-48a1-ba36-504f782e48b8	5b19296f-4edd-4355-b5db-bfd47b33f972	612a7799-f6ad-4f06-8011-4284cd5c4ddf	active	2020-03-21 02:44:28.391889	2020-03-21 02:44:28.391889	9.99	b7ec6541-aa13-44f8-85cb-8b1ae7aeab8c	English
78ec3d41-7808-44a4-870a-e6dfeef1923f	5b19296f-4edd-4355-b5db-bfd47b33f972	612bd6a7-8127-4eb1-beb2-327025510c77	active	2020-03-21 02:44:28.395212	2020-03-21 02:44:28.395212	9.99	c82211c4-83df-4f5c-ac49-b38fb77ec4f2	English
c094e4c4-8a09-43e4-bd3c-b8faf3aa15e8	5b19296f-4edd-4355-b5db-bfd47b33f972	6159abaa-0441-4979-988e-8a384cb6de12	active	2020-03-21 02:44:28.398351	2020-03-21 02:44:28.398351	9.99	9f2465fc-3749-4109-839c-1715b6f052d5	English
109490f6-d42f-4284-8d5b-ebf9d52a3c24	5b19296f-4edd-4355-b5db-bfd47b33f972	631cdb1f-accb-42ae-bb98-671cd193ea47	active	2020-03-21 02:44:28.401193	2020-03-21 02:44:28.401193	9.99	47921c93-285d-477f-8da4-bb8e9a905b01	English
85924334-c415-447c-8e31-3bccd36e88a5	5b19296f-4edd-4355-b5db-bfd47b33f972	6565dda3-1df6-4458-ba10-67508a6c652f	active	2020-03-21 02:44:28.403972	2020-03-21 02:44:28.403972	9.99	5355e9a7-5cfc-46b0-81c2-6431c44b4396	English
4cc4ae11-d8dc-4109-a94a-ed49062b91d7	5b19296f-4edd-4355-b5db-bfd47b33f972	6609c536-342a-4b63-a913-138eb0f5cc1d	active	2020-03-21 02:44:28.407538	2020-03-21 02:44:28.407538	9.99	beea8c56-7bf2-4433-8851-2dd61a8f1b03	English
83055998-f4de-4a3c-a0e3-571a2c785a68	5b19296f-4edd-4355-b5db-bfd47b33f972	69e2b6e9-f9ea-44eb-afd6-bd06de8c3c47	active	2020-03-21 02:44:28.410721	2020-03-21 02:44:28.410721	9.99	fc80b235-1a16-4918-bed9-4d2082c7eb7f	English
dea8679a-047a-4511-b4da-b2d5c01efbc6	5b19296f-4edd-4355-b5db-bfd47b33f972	6ab41d4e-2cc7-400b-a102-4ed44c131671	active	2020-03-21 02:44:28.413848	2020-03-21 02:44:28.413848	9.99	1849be11-eb6d-42c2-93d7-f24c9ab659bd	English
5a4100f1-8504-4055-80d5-56ebda6b96dc	5b19296f-4edd-4355-b5db-bfd47b33f972	6e078661-7e46-4ca9-a2b1-5d956e5a1895	active	2020-03-21 02:44:28.41887	2020-03-21 02:44:28.41887	9.99	0d0c1fe4-6e0d-4e3f-9d3c-55d928e61763	English
fdc5b8af-a613-4c1e-a534-db2cfaaff6e8	5b19296f-4edd-4355-b5db-bfd47b33f972	709c632e-078c-499d-b898-ba2acc6de3b6	active	2020-03-21 02:44:28.422145	2020-03-21 02:44:28.422145	9.99	39bdee15-6ae5-4fdb-9137-7e3ccf478e81	English
dd371750-e63f-4cfd-ba7b-5ab64c13aabd	5b19296f-4edd-4355-b5db-bfd47b33f972	71f4552f-aced-4947-b403-beea3a387d1a	active	2020-03-21 02:44:28.425074	2020-03-21 02:44:28.425074	9.99	68ce58b3-2535-452a-bc1f-b8243908afbf	English
a52dce0a-a572-477c-829d-948c9cd51748	5b19296f-4edd-4355-b5db-bfd47b33f972	7354e16f-cbd6-4410-921f-30f94679d9b7	active	2020-03-21 02:44:28.429081	2020-03-21 02:44:28.429081	9.99	53e91a67-4ea9-4c74-9a25-9f0fb55c002e	English
299a80e1-3fd9-42ec-824c-5362db813f44	5b19296f-4edd-4355-b5db-bfd47b33f972	73b1097a-242e-4166-9073-bc620eeb1315	active	2020-03-21 02:44:28.43235	2020-03-21 02:44:28.43235	9.99	d212114f-5ac5-4f33-b78f-f2e33dc9fa5b	English
9f133a31-4cf8-465c-8210-9ee0a76344c2	5b19296f-4edd-4355-b5db-bfd47b33f972	73dac57c-ad15-4cc0-91b2-56c9537937c9	active	2020-03-21 02:44:28.435169	2020-03-21 02:44:28.435169	9.99	2c42ed48-994e-40fa-85b3-69e5cd88aeda	English
021b6a14-92c7-4f91-9750-27a53e8dcb96	5b19296f-4edd-4355-b5db-bfd47b33f972	769b4995-4f04-41da-a7bc-ffbd99275f2b	active	2020-03-21 02:44:28.437911	2020-03-21 02:44:28.437911	9.99	e8b7198f-0a07-4c93-8453-6c3f2676cfb8	English
39fdfd4a-0912-4697-a122-5fce36e0fedd	5b19296f-4edd-4355-b5db-bfd47b33f972	76cc88c7-8e63-41be-a3ed-117af45f6ee2	active	2020-03-21 02:44:28.440921	2020-03-21 02:44:28.440921	9.99	e6e0646a-b0d9-4fbe-8b0d-f677811987a3	English
fc231552-e775-4c7c-b094-01f0283d4133	5b19296f-4edd-4355-b5db-bfd47b33f972	77903911-1550-4f16-85d8-bc4234c3e2e1	active	2020-03-21 02:44:28.444249	2020-03-21 02:44:28.444249	9.99	6234035b-9990-4a25-8d92-8139fa64e5bc	English
21757d01-3861-42d4-9b5c-bf47b9985dbc	5b19296f-4edd-4355-b5db-bfd47b33f972	77e8c232-cd33-4919-8bd3-e70f862d7475	active	2020-03-21 02:44:28.448003	2020-03-21 02:44:28.448003	9.99	ba8e097b-898e-4d35-ae02-38e15a49ca55	English
dae1aa05-992b-40f0-b714-a983df1e8e54	5b19296f-4edd-4355-b5db-bfd47b33f972	795537e5-e1cd-465b-83e8-70bf838c8d87	active	2020-03-21 02:44:28.450843	2020-03-21 02:44:28.450843	9.99	ec319c17-eec7-409a-bbfb-d2470c4214b8	English
515c8bb8-393f-4e3a-b0c5-4e5cc354def1	5b19296f-4edd-4355-b5db-bfd47b33f972	7bb63e6e-6133-4fa6-b20b-dc8d5a099dbb	active	2020-03-21 02:44:28.453793	2020-03-21 02:44:28.453793	9.99	951bd5aa-47f1-4583-a594-b2821aa6f4a8	English
580aea58-61fb-4280-a128-027264b73160	5b19296f-4edd-4355-b5db-bfd47b33f972	7c3cfa96-4905-4dc5-8120-7b4625cee54b	active	2020-03-21 02:44:28.456761	2020-03-21 02:44:28.456761	9.99	d44ff27c-5142-4b8b-b514-1ee17020ca3b	English
fe8415ef-dcd5-4c83-a2a4-7b133f5d402c	5b19296f-4edd-4355-b5db-bfd47b33f972	7ccf0e05-02b6-4040-9686-da439dd9071d	active	2020-03-21 02:44:28.460453	2020-03-21 02:44:28.460453	9.99	7318b351-4733-49d4-863a-97e055342d30	English
2a1bf692-b0e9-4c4e-9996-44c16d5bc693	5b19296f-4edd-4355-b5db-bfd47b33f972	7e76c2f7-d376-4a33-abe9-c8e4eb154790	active	2020-03-21 02:44:28.463436	2020-03-21 02:44:28.463436	9.99	fee2cbef-f976-479e-a600-b08803c11420	English
c1c29504-7c52-4879-ac09-3345377ae228	5b19296f-4edd-4355-b5db-bfd47b33f972	7f5941f5-a53a-410a-b1c8-04076cf49019	active	2020-03-21 02:44:28.466331	2020-03-21 02:44:28.466331	9.99	2033177a-52d3-4864-b498-6142669a93dc	English
e38d37d5-892d-4d64-a026-dd7e00b654ae	5b19296f-4edd-4355-b5db-bfd47b33f972	832371c0-6b42-40eb-806d-f261e5b48f7e	active	2020-03-21 02:44:28.469585	2020-03-21 02:44:28.469585	9.99	f31ebe13-db06-4a47-aee2-7a37bcf81960	English
4b0cc1d2-19d3-4836-91f1-e2e4840e54a7	5b19296f-4edd-4355-b5db-bfd47b33f972	83b48730-ad02-4aa1-98bd-6e70a25473df	active	2020-03-21 02:44:28.472655	2020-03-21 02:44:28.472655	9.99	787184be-19c9-4df7-92d3-d4e302833cc7	English
9322edc3-47d5-41bc-b735-7a1b20c31bfc	5b19296f-4edd-4355-b5db-bfd47b33f972	83f85228-7d64-4767-bd65-1d0c6184dc3e	active	2020-03-21 02:44:28.475759	2020-03-21 02:44:28.475759	9.99	9e0e3c3c-4713-433e-af89-75a51a2af552	English
28e12302-33c0-49cb-9718-08df88b683b2	5b19296f-4edd-4355-b5db-bfd47b33f972	87714331-cbad-4da1-a923-e5dd2d16ef78	active	2020-03-21 02:44:28.479658	2020-03-21 02:44:28.479658	9.99	34a870cc-b971-44e5-ad38-e12cb58d6cd4	English
208bb33a-bb2b-46d0-8c6d-d8f31b7d75ff	5b19296f-4edd-4355-b5db-bfd47b33f972	8a205d4d-44a3-4627-b964-65854895dc9c	active	2020-03-21 02:44:28.482678	2020-03-21 02:44:28.482678	9.99	f4e97627-42c8-4f86-b078-532b07f86189	English
d98969e5-8aa6-4f9d-8008-1e41fb349ba9	5b19296f-4edd-4355-b5db-bfd47b33f972	9297702a-cce3-49d3-811f-a4052ff4ba27	active	2020-03-21 02:44:28.485447	2020-03-21 02:44:28.485447	9.99	37611f6d-8520-4950-96d2-fbffd0c03995	English
de676f12-acf7-4bc9-937a-c6c1de0e181e	5b19296f-4edd-4355-b5db-bfd47b33f972	9568db19-bb0c-4c8a-83d7-a64b15306e40	active	2020-03-21 02:44:28.488373	2020-03-21 02:44:28.488373	9.99	b26e4045-55bc-4bfc-a086-4ae921da5e49	English
eed2bf5b-8c56-46e3-8488-98b920f321dd	5b19296f-4edd-4355-b5db-bfd47b33f972	9598a332-93bb-40a5-82a7-1d2f33219ce5	active	2020-03-21 02:44:28.491453	2020-03-21 02:44:28.491453	9.99	1be7b669-dd61-48a6-81a8-c13a26a6c56a	English
d11debe2-8877-4d69-808f-ea6a83d67bcf	5b19296f-4edd-4355-b5db-bfd47b33f972	9655d977-a613-422d-89d4-006dfc458d2a	active	2020-03-21 02:44:28.494916	2020-03-21 02:44:28.494916	9.99	eeb85b62-cf82-46fd-bab5-767827814a71	English
cee5b548-a888-43ea-bc19-cdcd91ed08f7	5b19296f-4edd-4355-b5db-bfd47b33f972	98e2eed2-5839-481c-8cc0-ba643b3c7b65	active	2020-03-21 02:44:28.49804	2020-03-21 02:44:28.49804	9.99	66a2f750-7b57-4fb1-824d-3761f8790bb1	English
357dacbf-ea15-46b3-8b2a-9cb4d31d9e79	5b19296f-4edd-4355-b5db-bfd47b33f972	9962f5fb-1e80-434e-9449-84733402829e	active	2020-03-21 02:44:28.501069	2020-03-21 02:44:28.501069	9.99	8796e24d-9444-473d-9f23-310f0dff6f3d	English
3ef95169-c99d-484e-8924-9e3ec3835430	5b19296f-4edd-4355-b5db-bfd47b33f972	9ad698bc-2161-4fe6-ac45-2e76d4cb7ae1	active	2020-03-21 02:44:28.503928	2020-03-21 02:44:28.503928	9.99	10907f3f-501c-4ac0-97f5-323b17c3ee2f	English
59e6705f-0d07-4e50-a103-8b944d82a92e	5b19296f-4edd-4355-b5db-bfd47b33f972	9fea2113-dd97-4fe0-be45-268f208598d1	active	2020-03-21 02:44:28.506817	2020-03-21 02:44:28.506817	9.99	d07e7af2-b231-49be-856a-1545969087d8	English
02b60101-bfba-424f-9018-0b2819fee8bb	5b19296f-4edd-4355-b5db-bfd47b33f972	a0a4809f-e2e4-48fa-9d68-9568d93b8b2d	active	2020-03-21 02:44:28.510372	2020-03-21 02:44:28.510372	9.99	7178ffea-2e5d-4046-ac05-25919b2c80cf	English
ce6de47c-79d1-46e7-a5f0-728329a9de2d	5b19296f-4edd-4355-b5db-bfd47b33f972	a11d61e9-78d1-4a38-bcfc-1bfbcbd7e8d0	active	2020-03-21 02:44:28.513449	2020-03-21 02:44:28.513449	9.99	9e64ec3c-f6a1-4c7a-b5dd-d808157a326c	English
c56f8565-73cc-40ea-9c1d-08c31fd841cd	5b19296f-4edd-4355-b5db-bfd47b33f972	a3c796f4-c89b-43d6-b097-87176dac679e	active	2020-03-21 02:44:28.517101	2020-03-21 02:44:28.517101	9.99	e0b2afe8-c116-40ef-9ac3-781c87d5f423	English
68f511c9-eda3-4c9e-a39f-c70496d07a09	5b19296f-4edd-4355-b5db-bfd47b33f972	a5a7e7d7-ca8b-4e27-b8db-bf3625d570e7	active	2020-03-21 02:44:28.519906	2020-03-21 02:44:28.519906	9.99	0f015fe9-978c-488f-b8c7-ead25f713058	English
25a61fb7-2636-4a01-8d9a-dfd5788cea1a	5b19296f-4edd-4355-b5db-bfd47b33f972	a80dfe13-c351-45d2-84fd-1f9f2b2aefe1	active	2020-03-21 02:44:28.522728	2020-03-21 02:44:28.522728	9.99	f24a7aa2-5290-47e0-83c9-32b94e8503b0	English
97ca182d-0fb5-45c3-9b13-ce0c71db5c08	5b19296f-4edd-4355-b5db-bfd47b33f972	a8a60517-a020-42f0-b0ff-8140d7259e9e	active	2020-03-21 02:44:28.526309	2020-03-21 02:44:28.526309	9.99	26fb2c79-83b3-4609-9edf-6e7f99b67ca4	English
81c4726d-b6c1-4706-b3a8-14b1110c2735	5b19296f-4edd-4355-b5db-bfd47b33f972	ae2cd780-5e13-4ae0-9785-4204586afd74	active	2020-03-21 02:44:28.529468	2020-03-21 02:44:28.529468	9.99	b49a909e-6fe6-49e8-8e52-e6a0b919c571	English
2a7105d5-8433-49be-b371-31e228e3aef7	5b19296f-4edd-4355-b5db-bfd47b33f972	b2d8a83b-e8e2-4179-8c78-1fd428337a18	active	2020-03-21 02:44:28.532358	2020-03-21 02:44:28.532358	9.99	9c6f551d-e82c-4e44-a961-a0864c4a87d7	English
55e78d89-86f5-4ed5-947e-e5fdd84879b1	5b19296f-4edd-4355-b5db-bfd47b33f972	b3804964-aecb-47b9-ab00-c4ddfa8e1bc7	active	2020-03-21 02:44:28.535211	2020-03-21 02:44:28.535211	9.99	b5dccc5d-39a8-4f1c-9503-f89af9184cf0	English
d8e7d8d2-dd8b-440c-bd81-406caba53247	5b19296f-4edd-4355-b5db-bfd47b33f972	b4381b6a-ed4c-4c28-bdab-ce100084ce7b	active	2020-03-21 02:44:28.538071	2020-03-21 02:44:28.538071	9.99	2e8e16f2-2d9b-423c-8dae-bb7ea57acb75	English
72bcbad8-a5fb-4af5-a39e-890e17855e8b	5b19296f-4edd-4355-b5db-bfd47b33f972	b5584a6d-d621-4919-9637-9787c14f156e	active	2020-03-21 02:44:28.54088	2020-03-21 02:44:28.54088	9.99	74724f5f-e067-4a81-a175-35e47fafd0a1	English
ddfd66ad-badf-4af7-9cf9-47417e5f8105	5b19296f-4edd-4355-b5db-bfd47b33f972	b7e33883-f3f0-42b9-9dab-1a8f3f41ed57	active	2020-03-21 02:44:28.544028	2020-03-21 02:44:28.544028	9.99	d6dc6c82-785f-4e35-afeb-8f574ae02f9b	English
e9c0ee39-6465-4dd4-bdd1-42900a26a1e1	5b19296f-4edd-4355-b5db-bfd47b33f972	b809bba9-78dd-4e8a-8b09-506fd832a271	active	2020-03-21 02:44:28.547347	2020-03-21 02:44:28.547347	9.99	b1467246-25ee-41db-9bce-44ae703f9632	English
688c95bb-b06a-41ca-b183-6072bcc130c6	5b19296f-4edd-4355-b5db-bfd47b33f972	ba30d621-23ad-466d-bed9-1f94191b68a8	active	2020-03-21 02:44:28.550488	2020-03-21 02:44:28.550488	9.99	61b91b1a-6aaf-40e5-96d1-b358b1e667f1	English
700a02cd-71fd-4198-a1bf-e5314ccb5f9c	5b19296f-4edd-4355-b5db-bfd47b33f972	ba5d8e79-c7a4-4c5f-b68b-ff43a27a5cc0	active	2020-03-21 02:44:28.553211	2020-03-21 02:44:28.553211	9.99	6589dc0a-4f2b-4e46-a2ef-cabf51142c85	English
1eef5a89-8b18-4239-b200-ae1812dbb667	5b19296f-4edd-4355-b5db-bfd47b33f972	ba9dec70-6e46-4a96-8a7a-19ad22b8884f	active	2020-03-21 02:44:28.556332	2020-03-21 02:44:28.556332	9.99	24a76f52-87a6-419d-9357-802a33c9ff45	English
afa49c47-0c1a-436d-98d6-08050926acf7	5b19296f-4edd-4355-b5db-bfd47b33f972	bcc87592-d4d0-4c6d-8020-0bac8549d48a	active	2020-03-21 02:44:28.559428	2020-03-21 02:44:28.559428	9.99	d5a91d02-3365-46fc-b4b9-17de348abb92	English
b29f0694-a520-43f2-94b3-d5036fb1f0cf	5b19296f-4edd-4355-b5db-bfd47b33f972	c0752bba-98ce-4ab3-8d6d-de7c55b79302	active	2020-03-21 02:44:28.562601	2020-03-21 02:44:28.562601	9.99	24ca065a-fb9d-4bf1-909b-5d06dadb723f	English
52486a15-a472-40b4-b9b3-2a0e08e93d25	5b19296f-4edd-4355-b5db-bfd47b33f972	c155fcc8-af66-42ce-84dd-4ee6c2e8fc8f	active	2020-03-21 02:44:28.565548	2020-03-21 02:44:28.565548	9.99	086a1e7c-0109-4d89-bd06-e081d1ef0180	English
2d1ec093-bdfc-465d-affa-8cf21c4b4e7f	5b19296f-4edd-4355-b5db-bfd47b33f972	c270a930-f56d-43bd-8175-cd7be0eba6c8	active	2020-03-21 02:44:28.568976	2020-03-21 02:44:28.568976	9.99	9308f4d9-2b9b-46d0-bc66-87873b7b46ba	English
70961712-5f01-47b8-8146-c60f8d822e5e	5b19296f-4edd-4355-b5db-bfd47b33f972	c3661ed4-2bbd-4423-a145-eb2871bb9866	active	2020-03-21 02:44:28.572226	2020-03-21 02:44:28.572226	9.99	b106aec5-51c2-43aa-8a2e-04bc325044f7	English
9cd2b750-4ac1-48b2-a1db-d7600f41c555	5b19296f-4edd-4355-b5db-bfd47b33f972	c4a99e17-0da7-40a0-896e-580b69c20561	active	2020-03-21 02:44:28.575185	2020-03-21 02:44:28.575185	9.99	1d842cef-cbc2-4c58-87b0-674a03769432	English
fba11c8f-a420-4250-964c-3f21462ca9dc	5b19296f-4edd-4355-b5db-bfd47b33f972	c50083cd-82b5-4fc9-9962-c769c14894d7	active	2020-03-21 02:44:28.57831	2020-03-21 02:44:28.57831	9.99	0f959771-6df6-4d27-918b-2cab5e713b40	English
89b7740f-20ed-4983-8827-021b089d0468	5b19296f-4edd-4355-b5db-bfd47b33f972	c72101f6-be06-4ced-9f0f-98c25384d052	active	2020-03-21 02:44:28.581262	2020-03-21 02:44:28.581262	9.99	7dfc2dff-3be7-4ca6-a3d8-5aff2fb5d1f4	English
cb17f81e-8e05-4b1c-a534-ef38e76a445f	5b19296f-4edd-4355-b5db-bfd47b33f972	c8a8bcca-8f40-45a5-8a5a-7b7be73fc58c	active	2020-03-21 02:44:28.584016	2020-03-21 02:44:28.584016	9.99	ec5205d0-f38a-4a91-9782-95a29f19827e	English
c6c2954d-3c7d-4635-81ff-b86edb2adaf7	5b19296f-4edd-4355-b5db-bfd47b33f972	c940a6c6-1a70-4e06-9c26-030c8be5ae62	active	2020-03-21 02:44:28.586909	2020-03-21 02:44:28.586909	9.99	56f12b15-2183-445d-9fac-63a8238b6aa5	English
36b0901b-6524-49dd-aea1-b0c72024079c	5b19296f-4edd-4355-b5db-bfd47b33f972	c97c02b0-9559-45c8-b238-444d5a116347	active	2020-03-21 02:44:28.590237	2020-03-21 02:44:28.590237	9.99	f8ac6152-11e2-45fe-aced-8c04482e5f95	English
df4ec105-25d8-490d-a5cd-cd0f8aeb5b04	5b19296f-4edd-4355-b5db-bfd47b33f972	cc5d56de-eb33-4c08-bedb-435d2b08f1ba	active	2020-03-21 02:44:28.59352	2020-03-21 02:44:28.59352	9.99	72f2fa65-4ec0-4fde-88e5-a8280dc7c964	English
b991bbf4-553a-443d-801f-1dd81dbe247c	5b19296f-4edd-4355-b5db-bfd47b33f972	ce41ea22-7797-4582-b74d-a96681c191e6	active	2020-03-21 02:44:28.596646	2020-03-21 02:44:28.596646	9.99	006d3652-51d5-437a-96c2-343572935390	English
740a35b3-95e8-402a-aef1-8855f1f231c8	5b19296f-4edd-4355-b5db-bfd47b33f972	cee13996-f28c-461f-b008-6e0a52d621fa	active	2020-03-21 02:44:28.599596	2020-03-21 02:44:28.599596	9.99	4dfc3577-8dcf-4ebb-bb4d-6ebd3a756e44	English
ce5c233f-2e13-45a6-ba5e-a252e90344bd	5b19296f-4edd-4355-b5db-bfd47b33f972	cfa9e5b0-659c-4cbb-a998-590fda8f1557	active	2020-03-21 02:44:28.60233	2020-03-21 02:44:28.60233	9.99	2d77a9fa-928e-4d9a-9a51-0ef503545aad	English
483ec869-a604-404b-b153-06d725e71af9	5b19296f-4edd-4355-b5db-bfd47b33f972	d1df3cd0-d5e9-4cfb-9c30-bf5e7474ca03	active	2020-03-21 02:44:28.609789	2020-03-21 02:44:28.609789	9.99	d140ca31-56a9-41a2-92a0-8bc7e9ce22a3	English
82dbd6e9-e91a-4217-b921-668c600692e3	5b19296f-4edd-4355-b5db-bfd47b33f972	d24bcb29-c3fd-411d-b443-eae90a9910b8	active	2020-03-21 02:44:28.613301	2020-03-21 02:44:28.613301	9.99	71f5b011-8079-4565-9913-fd3ad82f14e5	English
e8bce08e-0aac-4360-a078-5786e01b9d9f	5b19296f-4edd-4355-b5db-bfd47b33f972	d5a6c708-2895-4a4b-939e-9d3d3f034f3a	active	2020-03-21 02:44:28.616407	2020-03-21 02:44:28.616407	9.99	48e2a2b6-9537-4687-968c-e812f0ec11b6	English
4f0b41ec-39ac-4fe1-8a7a-be183ea15937	5b19296f-4edd-4355-b5db-bfd47b33f972	d74af61d-3a98-4529-8571-3df3d3d68774	active	2020-03-21 02:44:28.61981	2020-03-21 02:44:28.61981	9.99	a45011c3-25a1-4aa6-bbf8-2ad1e11ad756	English
eb96bca8-eee6-4f0b-9a75-7cdacc4905f3	5b19296f-4edd-4355-b5db-bfd47b33f972	d80ddf7b-0be4-4749-80ce-1768ce22e517	active	2020-03-21 02:44:28.62317	2020-03-21 02:44:28.62317	9.99	b0514099-57eb-4e01-b060-7e145578a2b7	English
fc8a930b-e0ef-4465-8f5a-6ce11829a18a	5b19296f-4edd-4355-b5db-bfd47b33f972	d97ce9f3-6a87-4f34-bffc-6559e9556912	active	2020-03-21 02:44:28.629904	2020-03-21 02:44:28.629904	9.99	c4e17e48-4060-4374-8a3e-51ddbe6de535	English
0be56d6c-c9dd-4e55-b6a4-d9d44b0b98bc	5b19296f-4edd-4355-b5db-bfd47b33f972	dc30cb09-6989-4f5a-9f02-9ac250aa3456	active	2020-03-21 02:44:28.632959	2020-03-21 02:44:28.632959	9.99	c2bd9903-e637-4ae5-a31f-1f84085bb28b	English
171f015a-8bd1-44b9-ab28-eac9ee7caa57	5b19296f-4edd-4355-b5db-bfd47b33f972	de647984-2468-4e0a-8200-62ded46a8e9b	active	2020-03-21 02:44:28.635915	2020-03-21 02:44:28.635915	9.99	cabf1644-c9af-425e-ae59-b7741a2cb7cf	English
72c34ecf-ed69-44d0-876a-887cb1760e26	5b19296f-4edd-4355-b5db-bfd47b33f972	e06a9e85-d0f8-452a-bd9b-1eca8c6ac0f8	active	2020-03-21 02:44:28.638822	2020-03-21 02:44:28.638822	9.99	b4993598-736a-4469-9947-aa41ba3dd277	English
1480190f-2cff-426e-83ff-00b735e4aa56	5b19296f-4edd-4355-b5db-bfd47b33f972	e0a0a849-2970-429f-820f-6378269814f3	active	2020-03-21 02:44:28.64203	2020-03-21 02:44:28.64203	9.99	4b59520d-4e20-40a3-91bd-d77cc14e1011	English
52c44943-f777-4224-9178-99d0938bba29	5b19296f-4edd-4355-b5db-bfd47b33f972	e5ddd1c2-8272-4c79-9a73-d8a3546fb125	active	2020-03-21 02:44:28.645588	2020-03-21 02:44:28.645588	9.99	3eb9df66-c276-4d18-9f84-512caaa1a52f	English
e768c07e-1158-4212-a16d-839a9b87f17c	5b19296f-4edd-4355-b5db-bfd47b33f972	e684f7b5-5e78-4309-82b8-d2c3ab1e7d2d	active	2020-03-21 02:44:28.648414	2020-03-21 02:44:28.648414	9.99	01248519-0a0d-463b-bc2b-08768d434675	English
ab28bee5-683c-41a7-b192-efab1edf65ba	5b19296f-4edd-4355-b5db-bfd47b33f972	e8f95032-4425-4cba-a950-a81bc4adc384	active	2020-03-21 02:44:28.651095	2020-03-21 02:44:28.651095	9.99	8ac5e44e-876f-4ac7-83f6-c7a36d663856	English
e9842eda-6198-4115-919a-d0c83a4e3a4e	5b19296f-4edd-4355-b5db-bfd47b33f972	e961c838-6cdb-48e1-a220-956ba6cd0b4a	active	2020-03-21 02:44:28.653855	2020-03-21 02:44:28.653855	9.99	b2233ac8-59ae-41b4-9a16-2ab401c097ba	English
fb3ec263-1c07-4319-a2ba-27e65f66333a	5b19296f-4edd-4355-b5db-bfd47b33f972	eb3ce0fa-f682-466a-bab9-e8db4c988245	active	2020-03-21 02:44:28.656782	2020-03-21 02:44:28.656782	9.99	f1a7eb1a-7c3e-44de-bf46-a6a960298faf	English
31769f52-3068-42b2-bde5-8816a5c19234	5b19296f-4edd-4355-b5db-bfd47b33f972	ed3781db-010c-4713-ba8e-87c36676f5c5	active	2020-03-21 02:44:28.660342	2020-03-21 02:44:28.660342	9.99	54a0d959-d8cc-4a05-afb1-81d9900c83aa	English
7885eed6-510b-4c0a-a1c1-361f9422712b	5b19296f-4edd-4355-b5db-bfd47b33f972	ed5cfffd-7611-4a15-98c3-b712a6a9f77f	active	2020-03-21 02:44:28.663541	2020-03-21 02:44:28.663541	9.99	ea774995-ab56-4af5-8c15-d681f2231297	English
871e85f8-91e1-4f81-95f3-4c7acfe5cf4b	5b19296f-4edd-4355-b5db-bfd47b33f972	edb18367-2bfe-465b-a286-3904a9b3cdd7	active	2020-03-21 02:44:28.666505	2020-03-21 02:44:28.666505	9.99	d12ae7c0-19aa-4a2a-93c3-927f646608bc	English
370089f4-0d3c-46c1-b092-d3155dedeff6	5b19296f-4edd-4355-b5db-bfd47b33f972	ef795bfb-1ebe-4dd2-aa44-6257583c76d8	active	2020-03-21 02:44:28.670077	2020-03-21 02:44:28.670077	9.99	b2ebb7f9-9971-485a-a59a-50e4129500cb	English
178e7e65-0d2f-4c2f-89ef-a01e5045e882	5b19296f-4edd-4355-b5db-bfd47b33f972	efe3406a-e4eb-4095-9b08-17491f51506e	active	2020-03-21 02:44:28.673237	2020-03-21 02:44:28.673237	9.99	8c01447c-475a-49de-bda0-88c4d711acbd	English
397a4eeb-dc19-4aaf-8857-3c06dbdb038c	5b19296f-4edd-4355-b5db-bfd47b33f972	f033feb9-290d-44ec-ba1b-737decb23a37	active	2020-03-21 02:44:28.676463	2020-03-21 02:44:28.676463	9.99	91ff78c8-1d13-4c85-8231-049e9320bc0b	English
4813e53a-d084-467e-b651-65bb898c30a8	5b19296f-4edd-4355-b5db-bfd47b33f972	f0f8e04d-4074-4a5e-acfb-b2a79f886cc2	active	2020-03-21 02:44:28.679861	2020-03-21 02:44:28.679861	9.99	19253ed4-3df9-46e5-a269-3408640b8fc6	English
5596ba01-f59e-4d16-90fd-49f43b609ee4	5b19296f-4edd-4355-b5db-bfd47b33f972	f112e1b8-033c-4f01-8665-203f067fb391	active	2020-03-21 02:44:28.683035	2020-03-21 02:44:28.683035	9.99	6f712db7-e215-4a2e-afae-162baf844891	English
f2445d65-e684-4b4d-a1c4-15ad82c26745	5b19296f-4edd-4355-b5db-bfd47b33f972	f1e090ce-c20e-4e84-a028-34d25e58b1d5	active	2020-03-21 02:44:28.686123	2020-03-21 02:44:28.686123	9.99	703576a2-3a0c-4a04-a9a0-63894c23d170	English
06d4d83e-e768-4394-8237-6eb59ead44f4	5b19296f-4edd-4355-b5db-bfd47b33f972	f1ec4508-33bf-47a8-8e70-cf2a45a7345a	active	2020-03-21 02:44:28.689401	2020-03-21 02:44:28.689401	9.99	7201425f-adba-457f-a497-48e407bc2b59	English
fb4a2bf6-8be3-49f6-80cd-225005b0aa11	5b19296f-4edd-4355-b5db-bfd47b33f972	f2bfa96c-7ef0-42c7-95ce-42dbfd49644a	active	2020-03-21 02:44:28.692634	2020-03-21 02:44:28.692634	9.99	6186819d-d2f3-40bd-909b-429962b0f478	English
da977f23-9c37-4a7d-aeb8-9815c8077a73	5b19296f-4edd-4355-b5db-bfd47b33f972	f2ef1d82-78fd-4c3f-b84b-a398b3859f65	active	2020-03-21 02:44:28.696205	2020-03-21 02:44:28.696205	9.99	e18e8243-487e-4faa-9d2c-9844873551ee	English
69ab3291-e228-413c-949c-2037704b5825	5b19296f-4edd-4355-b5db-bfd47b33f972	f4d2a7e3-5430-4077-a9b8-5685cc5b48d0	active	2020-03-21 02:44:28.699392	2020-03-21 02:44:28.699392	9.99	755061a5-d249-4808-a330-43a4e90c86ae	English
1e343ca7-755c-424f-83c1-a422588e7175	5b19296f-4edd-4355-b5db-bfd47b33f972	f5016b17-fc61-4e47-af01-ce995ad60638	active	2020-03-21 02:44:28.702652	2020-03-21 02:44:28.702652	9.99	ed3cfb56-a300-419c-9dd0-b28c1ebcf3b6	English
b6152608-8b39-45b6-8797-5c671607f166	5b19296f-4edd-4355-b5db-bfd47b33f972	f9b356e5-deb7-4bec-9c20-75992b569b7d	active	2020-03-21 02:44:28.705682	2020-03-21 02:44:28.705682	9.99	57d5cfa9-01c4-4386-b716-38c6690c1181	English
05b7f1ea-40f0-4731-94a0-472911239a54	5b19296f-4edd-4355-b5db-bfd47b33f972	fb529e1a-e80e-434b-ba3a-1300e53637eb	active	2020-03-21 02:44:28.708673	2020-03-21 02:44:28.708673	9.99	7f933dcf-5076-45ab-a248-6dbaf1847ea2	English
4beeb0f7-073e-4efb-80aa-cf89e1fcc3e7	5b19296f-4edd-4355-b5db-bfd47b33f972	fb7b4566-c810-4479-8fa0-97b10d37c40e	active	2020-03-21 02:44:28.711989	2020-03-21 02:44:28.711989	9.99	5ee1cbf5-f3ff-464a-9022-e3b27513934d	English
11824792-75c0-4afd-9ba3-fae03d724bde	5b19296f-4edd-4355-b5db-bfd47b33f972	fe5ef83f-2d6c-4db0-b4b8-17719600ba5d	active	2020-03-21 02:44:28.714931	2020-03-21 02:44:28.714931	9.99	c760821e-13f1-46fe-a92f-1fa03b1b8a70	English
9d6caf40-8778-49c9-857b-9e3579d44713	c980efe7-7c59-4e03-9f41-614ddd293e34	00ddcf60-343a-4f97-9159-857d255c7a40	active	2020-03-21 02:44:28.722797	2020-03-21 02:44:28.722797	9.99	a3b6f6ce-f937-4220-8492-7e3a78db0b7a	English
fd2093f3-d51e-46af-8e5b-1c711b40eba3	c980efe7-7c59-4e03-9f41-614ddd293e34	01a6a90d-b4b0-49f4-afbd-40daccfb7975	active	2020-03-21 02:44:28.726061	2020-03-21 02:44:28.726061	9.99	4649b63c-1b73-4413-9f4b-43e4a6d201b1	English
d71b03ee-3cc8-4d9e-9eb1-f2107862f867	c980efe7-7c59-4e03-9f41-614ddd293e34	0210568e-f52a-4183-9399-3f59a37523f1	active	2020-03-21 02:44:28.729363	2020-03-21 02:44:28.729363	9.99	58b7587d-2a3d-4b2d-b0e8-450334c6611b	English
3b4c6569-8b6f-47eb-bf18-b930d6c24456	c980efe7-7c59-4e03-9f41-614ddd293e34	0a40b429-225b-435d-8fed-9e5fb3949fa8	active	2020-03-21 02:44:28.732015	2020-03-21 02:44:28.732015	9.99	1220976b-803f-4181-b3b2-526d135ecb00	English
fd3358d0-009f-4b35-bec3-534f78d98db0	c980efe7-7c59-4e03-9f41-614ddd293e34	0abdba27-7588-489c-ade3-bf11a5e555b2	active	2020-03-21 02:44:28.734905	2020-03-21 02:44:28.734905	9.99	c1710294-6d48-4444-84f5-167b63ae8734	English
dcbc0a60-9559-4f1c-bdc4-3a702ab46533	c980efe7-7c59-4e03-9f41-614ddd293e34	0ad50f31-5ce9-46f7-a8f8-e0d6ffc2661b	active	2020-03-21 02:44:28.737871	2020-03-21 02:44:28.737871	9.99	b958be7c-4ac7-4ce3-9aec-4d598846dcc5	English
aabe8fed-5086-44f5-993d-318466352077	c980efe7-7c59-4e03-9f41-614ddd293e34	0b21d48b-a8db-42b6-801b-9b32887c854e	active	2020-03-21 02:44:28.740897	2020-03-21 02:44:28.740897	9.99	a18825ea-3707-4eeb-9b13-d0c66722f32d	English
0346577b-f11a-4c53-8ada-3bbfdaddbbe3	c980efe7-7c59-4e03-9f41-614ddd293e34	0c11bff7-d16d-4c0c-adce-9b8ca475ce76	active	2020-03-21 02:44:28.744253	2020-03-21 02:44:28.744253	9.99	f3f6d71c-4b54-424a-9230-3a00670c5269	English
3c7c2415-e9c4-43be-8f30-a909007e2e08	c980efe7-7c59-4e03-9f41-614ddd293e34	104da4c8-5172-4c86-9d53-68840623adcb	active	2020-03-21 02:44:28.747041	2020-03-21 02:44:28.747041	9.99	ffe7b37f-4928-43e9-afaf-72b1d3a5fa64	English
72f78275-6082-460d-a359-653d22dd3ab9	c980efe7-7c59-4e03-9f41-614ddd293e34	11948cef-bb83-4b40-8095-8b726b6d336d	active	2020-03-21 02:44:28.749842	2020-03-21 02:44:28.749842	9.99	c7e11abe-4d51-49ac-81ab-4ea633cf7b07	English
61869682-45f3-4e7e-a5f5-de2e9d4a701a	c980efe7-7c59-4e03-9f41-614ddd293e34	15e34525-9a1e-46aa-9acc-c9b8cd86f158	active	2020-03-21 02:44:28.752485	2020-03-21 02:44:28.752485	9.99	3dae4c99-273a-4db6-9a18-280dce5dc03e	English
525685f8-1e51-48f3-90a0-f835cd818b6f	c980efe7-7c59-4e03-9f41-614ddd293e34	178563f9-82c6-47ab-8c12-b4864f07c04c	active	2020-03-21 02:44:28.755538	2020-03-21 02:44:28.755538	9.99	0e728ea0-a37d-4f04-b8d4-e759fee8ecdd	English
f2970323-2832-40f9-b31e-86daee44ccef	c980efe7-7c59-4e03-9f41-614ddd293e34	17f9b761-d08a-4dcc-9a77-0e8cb6ab0a5a	active	2020-03-21 02:44:28.760374	2020-03-21 02:44:28.760374	9.99	569258a3-df5f-49ef-a46b-142bfbd1e361	English
51378563-3e5b-4381-b61b-75220e2eba58	c980efe7-7c59-4e03-9f41-614ddd293e34	18602539-7b1a-4fd6-9e69-695d0f8ccf44	active	2020-03-21 02:44:28.764181	2020-03-21 02:44:28.764181	9.99	edbde1c0-11e6-44cd-91a2-98a63d513e66	English
1feec918-63d3-42e3-829d-4c7e9c5fc742	c980efe7-7c59-4e03-9f41-614ddd293e34	189969a6-8dce-41ea-9f49-38fbef55bb75	active	2020-03-21 02:44:28.767364	2020-03-21 02:44:28.767364	9.99	6bc005bd-f30b-4938-9008-19d80573086f	English
b51ee4f7-6d37-4f42-8856-480a6832cf41	c980efe7-7c59-4e03-9f41-614ddd293e34	1a867d9e-e425-4188-b146-9b275ba6f6c5	active	2020-03-21 02:44:28.770906	2020-03-21 02:44:28.770906	9.99	69cfc647-1aec-4a81-b701-5544d5d05fa7	English
db5d4b45-7a0b-472e-951f-e2f8db73a05f	c980efe7-7c59-4e03-9f41-614ddd293e34	1b6b841b-3352-47fd-a7dd-1072f80ab0e6	active	2020-03-21 02:44:28.774177	2020-03-21 02:44:28.774177	9.99	464b4190-7b2a-4cdd-be8c-a1bd6e7f83ad	English
45d7f852-3a1c-4d5b-91ad-e9c26ec74a46	c980efe7-7c59-4e03-9f41-614ddd293e34	1c83208a-8f21-4dc9-968a-7d135a31d8a4	active	2020-03-21 02:44:28.777766	2020-03-21 02:44:28.777766	9.99	2459683c-d9ea-44ea-8a91-f74b0c88e50a	English
355b502d-91bf-4ae8-adc1-5a0cdf29d087	c980efe7-7c59-4e03-9f41-614ddd293e34	1c92b951-d278-48c4-a523-0b23462c4331	active	2020-03-21 02:44:28.780999	2020-03-21 02:44:28.780999	9.99	96f00ec9-b28a-4822-aea2-10b971407625	English
0dd7c6d7-9432-4f49-8a69-913a3b06c1b3	c980efe7-7c59-4e03-9f41-614ddd293e34	1cd068de-d149-4ce0-8ca1-956feb1b0aa9	active	2020-03-21 02:44:28.786605	2020-03-21 02:44:28.786605	9.99	54e0330d-2200-4b68-8d0c-0c68245627ed	English
8d3d3571-c00c-471f-967e-a83a9b4b4e0e	c980efe7-7c59-4e03-9f41-614ddd293e34	20235145-eb30-4c0e-890b-f4244a29911a	active	2020-03-21 02:44:28.789884	2020-03-21 02:44:28.789884	9.99	586e1e15-5e0a-4dac-a000-c099112827bc	English
a6dd9bfe-f502-4e00-9033-9f0f5fc20d83	c980efe7-7c59-4e03-9f41-614ddd293e34	20604a0e-b140-4e5c-bdf9-33c8af30fcc7	active	2020-03-21 02:44:28.793806	2020-03-21 02:44:28.793806	9.99	6b74a885-6bbf-409c-a42d-17d6912d5646	English
235c20cd-f634-4e1b-bc84-abdf5651e208	c980efe7-7c59-4e03-9f41-614ddd293e34	2293a075-8186-426b-b70c-b95eb63a3aef	active	2020-03-21 02:44:28.797282	2020-03-21 02:44:28.797282	9.99	ec7cfee4-1aa8-41d0-90c9-b82627f01323	English
48019884-e0f1-4688-86a7-9c33f4393d82	c980efe7-7c59-4e03-9f41-614ddd293e34	22d05688-b240-4f18-8cba-a267e7f9e1ac	active	2020-03-21 02:44:28.800459	2020-03-21 02:44:28.800459	9.99	ae237611-939c-4e05-b943-a375431da8db	English
1c9b1488-fc03-4b6d-99b2-9e4a8b8250c2	c980efe7-7c59-4e03-9f41-614ddd293e34	25bfc03a-554c-41b8-99ab-d56468e362b8	active	2020-03-21 02:44:28.803488	2020-03-21 02:44:28.803488	9.99	e09bc95f-0404-47fa-a81d-e42a2c1cef40	English
d6f8e2c7-28e1-4690-9064-994fa818c18f	c980efe7-7c59-4e03-9f41-614ddd293e34	272b90fd-1b0a-4f57-b33a-87e97b1243e8	active	2020-03-21 02:44:28.806634	2020-03-21 02:44:28.806634	9.99	f09b0133-4e9c-49ff-a72e-fca62e95f81c	English
54c64489-01a9-4155-8dcb-386dd7828b42	c980efe7-7c59-4e03-9f41-614ddd293e34	27419075-eaf9-4d0c-8043-bffda2f69e72	active	2020-03-21 02:44:28.810242	2020-03-21 02:44:28.810242	9.99	65905679-5c49-4ec8-88d5-d27ec734a0ef	English
5cdd2087-14e8-44d4-8c1e-27a790e49810	c980efe7-7c59-4e03-9f41-614ddd293e34	275312fc-6fbe-42ba-afe4-043b2162d35a	active	2020-03-21 02:44:28.813369	2020-03-21 02:44:28.813369	9.99	9183118f-ad7f-401e-894c-37e4f9794628	English
a56b7f82-176b-4b6f-b95a-42453295fbc1	c980efe7-7c59-4e03-9f41-614ddd293e34	2a0bf7ec-dd34-4be8-a1fb-24f9394b8cb4	active	2020-03-21 02:44:28.816715	2020-03-21 02:44:28.816715	9.99	f96dd808-4b11-4d8b-ac1d-40681c818d69	English
0bb6d040-0a1c-4ba4-8313-01856cda76ce	c980efe7-7c59-4e03-9f41-614ddd293e34	31f1f564-a255-47dd-bda5-a2b875b9a73a	active	2020-03-21 02:44:28.820255	2020-03-21 02:44:28.820255	9.99	03b279de-bb32-48f6-870c-9fbcbbe6a69c	English
4a615af4-f2ee-4d7f-84d1-9deab0cd7552	c980efe7-7c59-4e03-9f41-614ddd293e34	32245817-efbf-49fc-acf1-678a531c9376	active	2020-03-21 02:44:28.82327	2020-03-21 02:44:28.82327	9.99	2bedb76f-9f35-4372-a62e-3b7420bc8113	English
1846e4fe-54a6-40bf-bfce-9180a90640c9	c980efe7-7c59-4e03-9f41-614ddd293e34	32e7e8d5-8ec4-4a8d-9311-ff36fc78c57f	active	2020-03-21 02:44:28.826993	2020-03-21 02:44:28.826993	9.99	0c521f29-c1b8-4fcb-8975-5bcd8f114562	English
a9da0572-eb2c-46f7-9c72-67c821b8b798	c980efe7-7c59-4e03-9f41-614ddd293e34	33e6ebaa-a603-4af7-adc2-61535d4981f5	active	2020-03-21 02:44:28.830295	2020-03-21 02:44:28.830295	9.99	e4df7255-eaf2-4c20-9a6a-6ab64bb8dc7f	English
a307e9e1-b828-44a1-b8c0-ec84dd3d48b1	c980efe7-7c59-4e03-9f41-614ddd293e34	34cc8e6b-4510-49ea-a7e7-fff63021a293	active	2020-03-21 02:44:28.833064	2020-03-21 02:44:28.833064	9.99	50058e55-8890-4d87-8032-ecb1e93a6cd0	English
830e28b9-fd13-4ab3-932f-bd439b53b23a	c980efe7-7c59-4e03-9f41-614ddd293e34	350b30ef-f485-4ca2-9b48-71283229a864	active	2020-03-21 02:44:28.835902	2020-03-21 02:44:28.835902	9.99	ab5118a5-96da-4f67-bdb9-d1dad9ba0d0f	English
cc213163-3264-404c-9942-6b6fb9a02012	c980efe7-7c59-4e03-9f41-614ddd293e34	361348e1-0eb0-4ff5-ad24-5b5255ecb2b0	active	2020-03-21 02:44:28.8388	2020-03-21 02:44:28.8388	9.99	b294b006-bb3c-4c84-ba3f-e70ed6f0d1af	English
f01caecd-f346-4485-b7a5-d7db6a5efd14	c980efe7-7c59-4e03-9f41-614ddd293e34	370222cb-629d-455f-b983-93e8ce2d5c69	active	2020-03-21 02:44:28.841492	2020-03-21 02:44:28.841492	9.99	8db32b0a-e430-4555-bb0d-d33b422e4f67	English
3ef54b75-cffe-4bdb-a9bc-af0670d6bff3	c980efe7-7c59-4e03-9f41-614ddd293e34	3724bfa9-e3b7-4a05-92ed-4cc599df7f5d	active	2020-03-21 02:44:28.844596	2020-03-21 02:44:28.844596	9.99	7316a580-83fb-40b4-b4aa-4dd033c32bc6	English
909b7345-1590-40d9-a13d-a9ef16d58b11	c980efe7-7c59-4e03-9f41-614ddd293e34	3eeece34-f643-4843-b521-1fdd1af2ede7	active	2020-03-21 02:44:28.847594	2020-03-21 02:44:28.847594	9.99	bcc0b514-c1fa-4128-b9b1-b44e34f59fcf	English
4357b86a-2a5c-43d0-b5fb-1a39bcb02d9b	c980efe7-7c59-4e03-9f41-614ddd293e34	405fe0fe-5b81-4159-beb8-61d0da003b3f	active	2020-03-21 02:44:28.850481	2020-03-21 02:44:28.850481	9.99	802582fd-68d4-4830-b1cb-0dbfba12f140	English
1e4d231c-42d3-4236-a35a-ced8e80c55ca	c980efe7-7c59-4e03-9f41-614ddd293e34	40cc407f-5d73-4941-b4a7-8bf189a3cad0	active	2020-03-21 02:44:28.853476	2020-03-21 02:44:28.853476	9.99	843b3517-d7fa-41d8-ab1f-db3482a25302	English
4e48830e-6eda-4a1e-8509-6543753944f7	c980efe7-7c59-4e03-9f41-614ddd293e34	41e9c85e-938f-41e0-b3b2-198c45eb2ab1	active	2020-03-21 02:44:28.856403	2020-03-21 02:44:28.856403	9.99	e4fad022-2902-4d83-9b97-664eeb4f5841	English
581532e4-6a11-4f57-8e0a-77bfca2b8bba	c980efe7-7c59-4e03-9f41-614ddd293e34	4213022c-fd73-44ab-adc5-a2500647dec5	active	2020-03-21 02:44:28.859905	2020-03-21 02:44:28.859905	9.99	8b2e9ce6-18bc-4725-98f1-30171dcec640	English
9f2e1f03-cda1-4b32-9b63-e2733b2d4b5a	c980efe7-7c59-4e03-9f41-614ddd293e34	43b9c18d-4e54-4f5d-aea7-49e82d5a8175	active	2020-03-21 02:44:28.863084	2020-03-21 02:44:28.863084	9.99	761dd7df-2bd8-4246-ae34-303cd235cd9c	English
dc8f19d3-3bad-4f81-a46e-9b0db119d934	c980efe7-7c59-4e03-9f41-614ddd293e34	4a4c160e-0be3-44a2-a8d1-744de0cb6f4e	active	2020-03-21 02:44:28.866002	2020-03-21 02:44:28.866002	9.99	e785b14b-e474-4ca5-b80b-2b056c1935db	English
e40e278b-43a6-4cb4-baf9-59d8aa7eaca8	c980efe7-7c59-4e03-9f41-614ddd293e34	4a918440-5cf2-449f-a372-f8cbef51bcc8	active	2020-03-21 02:44:28.868928	2020-03-21 02:44:28.868928	9.99	87c5ef20-e48a-496f-b877-7c72830d9e4e	English
52259cac-b0c4-459d-a8c2-06cd87abd129	c980efe7-7c59-4e03-9f41-614ddd293e34	4c1333bc-e48e-48ce-8012-1c4853e57070	active	2020-03-21 02:44:28.872066	2020-03-21 02:44:28.872066	9.99	d8493a45-7ca8-4f3b-85e4-d1d472ac5a17	English
41736cd5-1ab4-4aa9-8798-19f673029552	c980efe7-7c59-4e03-9f41-614ddd293e34	4eb19ca9-12b1-4195-ab2d-89a9e4ceb465	active	2020-03-21 02:44:28.875129	2020-03-21 02:44:28.875129	9.99	1b2cb4ee-92e8-4d95-904b-9b1a5a8d782e	English
13dba8c1-b154-49ca-afc4-83efa0075c71	c980efe7-7c59-4e03-9f41-614ddd293e34	51fb2e17-d878-40d2-801c-cdae6d56e864	active	2020-03-21 02:44:28.878471	2020-03-21 02:44:28.878471	9.99	119c39af-5593-40d5-a744-3af7cf94d97b	English
b25304d8-14b0-4a5d-9161-9e89f5cd2530	c980efe7-7c59-4e03-9f41-614ddd293e34	53cfe092-f8cd-46fe-bd64-08a1a8279919	active	2020-03-21 02:44:28.881437	2020-03-21 02:44:28.881437	9.99	ddea83c9-9c06-4f9a-9bad-7f5d64f269c3	English
a75dbd8b-2fb8-4375-bae9-05a380edb72c	c980efe7-7c59-4e03-9f41-614ddd293e34	53d3cf63-28cc-46f9-9d4b-d136dc986aea	active	2020-03-21 02:44:28.884276	2020-03-21 02:44:28.884276	9.99	9947c58a-aed9-4799-8723-5978cf2d2f88	English
af9e84b7-cf95-4a07-8bc9-ac07ac7ba041	c980efe7-7c59-4e03-9f41-614ddd293e34	54792e48-5dc8-44de-8154-d7e9f4aa3828	active	2020-03-21 02:44:28.887266	2020-03-21 02:44:28.887266	9.99	f2ae1cc4-82b2-4fa9-a257-722dcf8eb2c4	English
65b84f93-cfc8-4ad3-b0d1-d1dd66256393	c980efe7-7c59-4e03-9f41-614ddd293e34	550a2d3d-061d-4443-bc89-ca85df92e171	active	2020-03-21 02:44:28.890429	2020-03-21 02:44:28.890429	9.99	2d1697bb-adf5-4bcb-9cf5-d5188db38039	English
dc0a3121-c9ce-4df3-83bd-b53176c1a912	c980efe7-7c59-4e03-9f41-614ddd293e34	55771fbd-9b72-463a-ad79-d0f50bf79419	active	2020-03-21 02:44:28.893696	2020-03-21 02:44:28.893696	9.99	4c3d5d5b-f16a-4cb0-867c-8eeea16c75ea	English
4956c7e9-826d-44f4-9286-65f98873dcb1	c980efe7-7c59-4e03-9f41-614ddd293e34	57634916-0b70-4486-994a-a845d87362ea	active	2020-03-21 02:44:28.897019	2020-03-21 02:44:28.897019	9.99	84bb9121-8374-444f-848a-8db3008e89f0	English
6ce8d43c-2fd1-4b58-9036-500448074dda	c980efe7-7c59-4e03-9f41-614ddd293e34	599a445d-2c3f-47b2-aa48-1f2a366846db	active	2020-03-21 02:44:28.900896	2020-03-21 02:44:28.900896	9.99	b877c370-8b57-4678-bc34-1a3e3a67fe30	English
dfb8080b-a479-4849-b038-6594fb59c6be	c980efe7-7c59-4e03-9f41-614ddd293e34	59fdcfb9-569d-4955-b5c0-686cc617f9a0	active	2020-03-21 02:44:28.904286	2020-03-21 02:44:28.904286	9.99	8cdfd6e8-ae21-4f51-8f0e-02ffff429496	English
a598c3d3-c9df-409a-8411-bccbb63e8c61	c980efe7-7c59-4e03-9f41-614ddd293e34	5af2f084-923b-46de-ba7f-c82efbd9b7c6	active	2020-03-21 02:44:28.908358	2020-03-21 02:44:28.908358	9.99	2f1cedbc-2063-40ae-becf-7486aa71bc70	English
b48271cc-a3ac-44eb-bab8-9a7b53acb893	c980efe7-7c59-4e03-9f41-614ddd293e34	5bdab05b-8aec-4e11-a6e4-901087a29ae1	active	2020-03-21 02:44:28.912446	2020-03-21 02:44:28.912446	9.99	2779b6bd-f6f4-4973-b308-cf27435ced6e	English
840d8427-8864-4a95-a34a-75e1d20df0dd	c980efe7-7c59-4e03-9f41-614ddd293e34	5c10052e-14c6-4bca-9f6a-1413ec0ce1c0	active	2020-03-21 02:44:28.91616	2020-03-21 02:44:28.91616	9.99	77ed1e9f-67d0-448e-bd4c-ad437d9a3a52	English
117e7f81-1cb2-4492-963a-ee8515000e4b	c980efe7-7c59-4e03-9f41-614ddd293e34	5ca5a478-4d38-4375-906d-ddec438aeeb8	active	2020-03-21 02:44:28.919559	2020-03-21 02:44:28.919559	9.99	fcbb2a4a-44df-4fb8-87a7-be9b7a439d75	English
c7a723a0-3221-4e4d-9129-54a852823280	c980efe7-7c59-4e03-9f41-614ddd293e34	5d08a3d8-5887-4148-ab45-b27030136ad7	active	2020-03-21 02:44:28.922844	2020-03-21 02:44:28.922844	9.99	6f953283-715a-43a1-b44f-b3ca83e0f7b9	English
7450f17b-1e0d-4ce3-b0c7-92d5fc83532e	c980efe7-7c59-4e03-9f41-614ddd293e34	5dea7969-30f8-4b60-ac18-23c37709a87e	active	2020-03-21 02:44:28.926917	2020-03-21 02:44:28.926917	9.99	c8455b00-caf4-43e8-9542-67f9e4effd93	English
68ca942a-b4f8-4f1a-8db5-99a6c56432c9	c980efe7-7c59-4e03-9f41-614ddd293e34	5eb4bc1b-2306-41db-96f1-e66283a0ed22	active	2020-03-21 02:44:28.930695	2020-03-21 02:44:28.930695	9.99	c8f2bc65-33c0-468f-92d0-547acead54cb	English
ae79b42f-7356-4e59-a19d-dfd2b89d9953	c980efe7-7c59-4e03-9f41-614ddd293e34	5f37d7e2-9810-4c0f-abdd-728623477284	active	2020-03-21 02:44:28.935315	2020-03-21 02:44:28.935315	9.99	64d9759d-47fd-4728-886f-3c4b8499ccc9	English
6d403458-e202-4cf9-96f4-9d5d24b52a04	c980efe7-7c59-4e03-9f41-614ddd293e34	612a7799-f6ad-4f06-8011-4284cd5c4ddf	active	2020-03-21 02:44:28.941287	2020-03-21 02:44:28.941287	9.99	aba82c58-e91a-4838-9773-f26bbfb6b24d	English
3bd66e65-a7ba-4074-b263-a05c2b8587d3	c980efe7-7c59-4e03-9f41-614ddd293e34	612bd6a7-8127-4eb1-beb2-327025510c77	active	2020-03-21 02:44:28.946688	2020-03-21 02:44:28.946688	9.99	e52fef81-5565-47dc-8658-b6b404ad7c89	English
0ce323ca-059f-463e-a197-30a56940180b	c980efe7-7c59-4e03-9f41-614ddd293e34	6159abaa-0441-4979-988e-8a384cb6de12	active	2020-03-21 02:44:28.95105	2020-03-21 02:44:28.95105	9.99	b8475735-e7d7-43d4-9933-d0e9b8abeb44	English
78c1f88b-691d-4655-8bcc-10f2577280fa	c980efe7-7c59-4e03-9f41-614ddd293e34	631cdb1f-accb-42ae-bb98-671cd193ea47	active	2020-03-21 02:44:28.955623	2020-03-21 02:44:28.955623	9.99	a3edc498-0fa9-4334-b9a6-cfa8f2ce8a08	English
04377803-0e31-47f4-ac6d-e1fd75302a06	c980efe7-7c59-4e03-9f41-614ddd293e34	6565dda3-1df6-4458-ba10-67508a6c652f	active	2020-03-21 02:44:28.967103	2020-03-21 02:44:28.967103	9.99	2d7ba3b3-8185-4f32-9a0e-e2db905cb82e	English
7ac9f755-f955-4323-bc2a-91272ccb03d6	c980efe7-7c59-4e03-9f41-614ddd293e34	6609c536-342a-4b63-a913-138eb0f5cc1d	active	2020-03-21 02:44:28.977813	2020-03-21 02:44:28.977813	9.99	db132315-ff48-40e3-86a0-b62b1e752153	English
7e5c4849-cac8-4d59-b38c-a04fe0449dc4	c980efe7-7c59-4e03-9f41-614ddd293e34	69e2b6e9-f9ea-44eb-afd6-bd06de8c3c47	active	2020-03-21 02:44:28.984329	2020-03-21 02:44:28.984329	9.99	f36dd597-32fd-43c1-9e7d-ea575cf2ffd8	English
937f40ee-434b-45df-8b4d-46eb41187f03	c980efe7-7c59-4e03-9f41-614ddd293e34	6ab41d4e-2cc7-400b-a102-4ed44c131671	active	2020-03-21 02:44:28.989004	2020-03-21 02:44:28.989004	9.99	f0ad8349-181d-425f-a461-674ea3a38136	English
5cf6de41-7340-46fd-b255-815f1cffa4e1	c980efe7-7c59-4e03-9f41-614ddd293e34	6e078661-7e46-4ca9-a2b1-5d956e5a1895	active	2020-03-21 02:44:28.994074	2020-03-21 02:44:28.994074	9.99	6ac5d186-53dd-4f9a-a70e-1353e7cf749b	English
27fc62e6-df11-4f3e-9c92-ce244e8d7258	c980efe7-7c59-4e03-9f41-614ddd293e34	709c632e-078c-499d-b898-ba2acc6de3b6	active	2020-03-21 02:44:28.999048	2020-03-21 02:44:28.999048	9.99	88b3828a-a650-43dc-987e-d9e4890b90f5	English
49154969-f987-4b33-a221-d3474afbdcea	c980efe7-7c59-4e03-9f41-614ddd293e34	71f4552f-aced-4947-b403-beea3a387d1a	active	2020-03-21 02:44:29.004274	2020-03-21 02:44:29.004274	9.99	8c163022-f7a9-4ee5-b1e1-d296ac1317e3	English
ad3fe131-9bf8-4242-bb61-e23dda112c37	c980efe7-7c59-4e03-9f41-614ddd293e34	7354e16f-cbd6-4410-921f-30f94679d9b7	active	2020-03-21 02:44:29.009429	2020-03-21 02:44:29.009429	9.99	fbd80313-063d-497f-aff0-326529d45a5b	English
49abaa56-6392-48c6-aad2-429f435b9fbf	c980efe7-7c59-4e03-9f41-614ddd293e34	73b1097a-242e-4166-9073-bc620eeb1315	active	2020-03-21 02:44:29.014681	2020-03-21 02:44:29.014681	9.99	9820a96d-cb5b-41c7-9d5e-0a3248a030f3	English
dca92e5f-8688-4983-a76f-0eb6fdc66022	c980efe7-7c59-4e03-9f41-614ddd293e34	73dac57c-ad15-4cc0-91b2-56c9537937c9	active	2020-03-21 02:44:29.01941	2020-03-21 02:44:29.01941	9.99	0f5bcba8-f9b7-469d-85a4-259030099250	English
53eba0a0-4de4-4c51-902f-f7946fd9bb59	c980efe7-7c59-4e03-9f41-614ddd293e34	769b4995-4f04-41da-a7bc-ffbd99275f2b	active	2020-03-21 02:44:29.026191	2020-03-21 02:44:29.026191	9.99	b3491ffd-d441-4b3e-b925-a8132c42e306	English
cfafb782-bc38-4256-9097-b3e0f0d9a738	c980efe7-7c59-4e03-9f41-614ddd293e34	76cc88c7-8e63-41be-a3ed-117af45f6ee2	active	2020-03-21 02:44:29.030111	2020-03-21 02:44:29.030111	9.99	a64316d0-d70b-418f-aaa3-65369ffbc4a7	English
62757af5-e62a-4822-aa8a-e5108f89a5fb	c980efe7-7c59-4e03-9f41-614ddd293e34	77903911-1550-4f16-85d8-bc4234c3e2e1	active	2020-03-21 02:44:29.033828	2020-03-21 02:44:29.033828	9.99	36dc861b-2e59-438c-8605-b441932de0b1	English
b70078a0-dd0c-47f7-9ef2-1347ae999fee	c980efe7-7c59-4e03-9f41-614ddd293e34	77e8c232-cd33-4919-8bd3-e70f862d7475	active	2020-03-21 02:44:29.037501	2020-03-21 02:44:29.037501	9.99	3ab1c6ee-1969-4ee9-8ba5-09013bc3a3fb	English
e39e1765-29a1-4844-9ab0-4297379f6f67	c980efe7-7c59-4e03-9f41-614ddd293e34	795537e5-e1cd-465b-83e8-70bf838c8d87	active	2020-03-21 02:44:29.040788	2020-03-21 02:44:29.040788	9.99	abc9dfcc-cf94-4bc7-bfcc-38ce3654a0d2	English
aad634ce-2e31-4d40-9380-465717ab259e	c980efe7-7c59-4e03-9f41-614ddd293e34	7bb63e6e-6133-4fa6-b20b-dc8d5a099dbb	active	2020-03-21 02:44:29.043663	2020-03-21 02:44:29.043663	9.99	fb579250-ff4c-4b15-b32f-f1895ee1e00b	English
6bbdbb7c-d1a7-4746-9345-4ddaff56d336	c980efe7-7c59-4e03-9f41-614ddd293e34	7c3cfa96-4905-4dc5-8120-7b4625cee54b	active	2020-03-21 02:44:29.04706	2020-03-21 02:44:29.04706	9.99	3a67514b-0eac-45d6-a81d-e5029abd1323	English
dd9f2f83-ed3e-41b7-a642-3673ae85faab	c980efe7-7c59-4e03-9f41-614ddd293e34	7ccf0e05-02b6-4040-9686-da439dd9071d	active	2020-03-21 02:44:29.049971	2020-03-21 02:44:29.049971	9.99	727e805a-0dc4-4ced-b759-fbbfec713244	English
35933e56-7661-47af-b6d4-2c8641f71797	c980efe7-7c59-4e03-9f41-614ddd293e34	7e76c2f7-d376-4a33-abe9-c8e4eb154790	active	2020-03-21 02:44:29.052803	2020-03-21 02:44:29.052803	9.99	f3bc2bf5-4444-4fa8-9f8b-6732fb11440d	English
42f85618-34bd-47fe-80f3-6e85257240ed	c980efe7-7c59-4e03-9f41-614ddd293e34	7f5941f5-a53a-410a-b1c8-04076cf49019	active	2020-03-21 02:44:29.055754	2020-03-21 02:44:29.055754	9.99	d73c6cdc-2487-4759-ac4d-2501d33467df	English
0dfe6064-2453-4f20-9427-45c1e125b873	c980efe7-7c59-4e03-9f41-614ddd293e34	832371c0-6b42-40eb-806d-f261e5b48f7e	active	2020-03-21 02:44:29.059138	2020-03-21 02:44:29.059138	9.99	293565d0-0a8d-4138-abf1-47ccaad8314b	English
2963495c-5483-4bed-9aea-e905b80674ec	c980efe7-7c59-4e03-9f41-614ddd293e34	83b48730-ad02-4aa1-98bd-6e70a25473df	active	2020-03-21 02:44:29.062531	2020-03-21 02:44:29.062531	9.99	ee28e414-e78a-4f59-856a-597298781889	English
1e905275-9729-42d4-91a3-a6705a2fd5c8	c980efe7-7c59-4e03-9f41-614ddd293e34	83f85228-7d64-4767-bd65-1d0c6184dc3e	active	2020-03-21 02:44:29.065234	2020-03-21 02:44:29.065234	9.99	09f89cca-a902-4493-9abf-a8cdcd240515	English
43bae228-8593-4b59-a2b9-78824ddfae30	c980efe7-7c59-4e03-9f41-614ddd293e34	87714331-cbad-4da1-a923-e5dd2d16ef78	active	2020-03-21 02:44:29.068017	2020-03-21 02:44:29.068017	9.99	1d9d5d28-f178-4468-b01b-c7f1fa61daf0	English
96e442c1-2e7b-4af0-84f2-32f0e7ed3c55	c980efe7-7c59-4e03-9f41-614ddd293e34	8a205d4d-44a3-4627-b964-65854895dc9c	active	2020-03-21 02:44:29.07088	2020-03-21 02:44:29.07088	9.99	9e0b78a5-750e-43bc-87a8-c48d8b6cd090	English
1458fd03-2a54-4b8b-95fd-3d39ffe8e49a	c980efe7-7c59-4e03-9f41-614ddd293e34	9297702a-cce3-49d3-811f-a4052ff4ba27	active	2020-03-21 02:44:29.073807	2020-03-21 02:44:29.073807	9.99	31f82c3d-d1b2-420a-9975-1d63eb20dea0	English
4e175554-0c66-48b9-9d54-58dd7ebad72d	c980efe7-7c59-4e03-9f41-614ddd293e34	9568db19-bb0c-4c8a-83d7-a64b15306e40	active	2020-03-21 02:44:29.076872	2020-03-21 02:44:29.076872	9.99	5213695e-5b4c-4f8a-8ffe-71ec97f1293c	English
70c26291-2a79-402e-ad1b-d83982b8be1c	c980efe7-7c59-4e03-9f41-614ddd293e34	9598a332-93bb-40a5-82a7-1d2f33219ce5	active	2020-03-21 02:44:29.080125	2020-03-21 02:44:29.080125	9.99	7f98659b-4812-4258-8ccb-4cba74908dbc	English
0e74a5ac-3bfc-4f54-930b-c6c39544bab0	c980efe7-7c59-4e03-9f41-614ddd293e34	9655d977-a613-422d-89d4-006dfc458d2a	active	2020-03-21 02:44:29.083061	2020-03-21 02:44:29.083061	9.99	7dacf59e-5646-4594-b9b2-c1ce06490161	English
9b590c2c-6b78-48cf-86b0-37312f9e092a	c980efe7-7c59-4e03-9f41-614ddd293e34	98e2eed2-5839-481c-8cc0-ba643b3c7b65	active	2020-03-21 02:44:29.0862	2020-03-21 02:44:29.0862	9.99	06f4e9ab-12d5-4efa-bb1f-24d7f50ab275	English
2caff7c3-8896-4d5f-b73a-3de2326a8496	c980efe7-7c59-4e03-9f41-614ddd293e34	9962f5fb-1e80-434e-9449-84733402829e	active	2020-03-21 02:44:29.08941	2020-03-21 02:44:29.08941	9.99	088eace4-ebe3-47c1-9946-b4beb4ae268a	English
06be166a-d737-4669-89de-97efd2e75088	c980efe7-7c59-4e03-9f41-614ddd293e34	9ad698bc-2161-4fe6-ac45-2e76d4cb7ae1	active	2020-03-21 02:44:29.092521	2020-03-21 02:44:29.092521	9.99	63b20a47-b457-4c81-a2d5-64b6c1a35ec6	English
b2a8b1d0-dd24-4167-8bfe-45df31b552b3	c980efe7-7c59-4e03-9f41-614ddd293e34	9fea2113-dd97-4fe0-be45-268f208598d1	active	2020-03-21 02:44:29.095794	2020-03-21 02:44:29.095794	9.99	a5bb6843-f8b6-4984-9b80-e22649301fe0	English
c73d98d6-eb17-400c-b2c6-fd67537a79b0	c980efe7-7c59-4e03-9f41-614ddd293e34	a0a4809f-e2e4-48fa-9d68-9568d93b8b2d	active	2020-03-21 02:44:29.098825	2020-03-21 02:44:29.098825	9.99	9a31644f-c0a7-4fbb-8131-67f17f1fe92e	English
ba5dd0ed-cae3-4d85-8765-fb09c1fc0890	c980efe7-7c59-4e03-9f41-614ddd293e34	a11d61e9-78d1-4a38-bcfc-1bfbcbd7e8d0	active	2020-03-21 02:44:29.10213	2020-03-21 02:44:29.10213	9.99	ca8f2609-550e-43c6-87d2-e59355aae573	English
64e13c4d-590b-431a-9c3a-86cdc31ead03	c980efe7-7c59-4e03-9f41-614ddd293e34	a3c796f4-c89b-43d6-b097-87176dac679e	active	2020-03-21 02:44:29.105028	2020-03-21 02:44:29.105028	9.99	ead5a847-316f-448d-b9db-55c4068866f3	English
9a78a157-2282-488a-8c6b-af0277e366c7	c980efe7-7c59-4e03-9f41-614ddd293e34	a5a7e7d7-ca8b-4e27-b8db-bf3625d570e7	active	2020-03-21 02:44:29.110108	2020-03-21 02:44:29.110108	9.99	c9204d0c-50cd-44e7-91f1-34dc000330df	English
d5b845dd-a3c4-48c7-8d05-29f8db265668	c980efe7-7c59-4e03-9f41-614ddd293e34	a80dfe13-c351-45d2-84fd-1f9f2b2aefe1	active	2020-03-21 02:44:29.113248	2020-03-21 02:44:29.113248	9.99	b40084b0-6607-464a-ac7d-a5f23a19a31b	English
32ca8762-e42b-4c53-bf5f-07753db19bd8	c980efe7-7c59-4e03-9f41-614ddd293e34	a8a60517-a020-42f0-b0ff-8140d7259e9e	active	2020-03-21 02:44:29.116123	2020-03-21 02:44:29.116123	9.99	83536ea5-45dd-421a-9a45-06835c21ac86	English
6c2c2acb-0e0f-431b-a5e2-823c596cbbc0	c980efe7-7c59-4e03-9f41-614ddd293e34	ae2cd780-5e13-4ae0-9785-4204586afd74	active	2020-03-21 02:44:29.1191	2020-03-21 02:44:29.1191	9.99	c60ace6f-8722-4dae-9621-53cac405597a	English
61a517d9-f9d9-4d5c-9da4-7e80b9f93f10	c980efe7-7c59-4e03-9f41-614ddd293e34	b2d8a83b-e8e2-4179-8c78-1fd428337a18	active	2020-03-21 02:44:29.121782	2020-03-21 02:44:29.121782	9.99	f98ad0dc-6d8d-4c3a-a10c-647fd4fa63f7	English
71bc8573-d76d-48af-ba0e-5d97fc12bd6c	c980efe7-7c59-4e03-9f41-614ddd293e34	b3804964-aecb-47b9-ab00-c4ddfa8e1bc7	active	2020-03-21 02:44:29.124594	2020-03-21 02:44:29.124594	9.99	555df74e-42cd-40ec-87be-1b37321d4923	English
a29aaed6-d3cc-4dcc-aea7-1ebedaf5e06f	c980efe7-7c59-4e03-9f41-614ddd293e34	b4381b6a-ed4c-4c28-bdab-ce100084ce7b	active	2020-03-21 02:44:29.127719	2020-03-21 02:44:29.127719	9.99	e17eddb2-30bf-42a6-9bf6-6a2d36b7ba2f	English
20baafb9-78fa-47e9-a730-95f3e62ff298	c980efe7-7c59-4e03-9f41-614ddd293e34	b5584a6d-d621-4919-9637-9787c14f156e	active	2020-03-21 02:44:29.131494	2020-03-21 02:44:29.131494	9.99	07575e32-5f3e-47f7-ba24-0a3842687c1a	English
a4ee3f8e-69ad-4474-8f65-2c344b108f46	c980efe7-7c59-4e03-9f41-614ddd293e34	b7e33883-f3f0-42b9-9dab-1a8f3f41ed57	active	2020-03-21 02:44:29.136848	2020-03-21 02:44:29.136848	9.99	e497d90d-75bd-4ea7-9bd8-390e3c7a8816	English
788b98cc-c329-477c-b339-c1d037faae7d	c980efe7-7c59-4e03-9f41-614ddd293e34	b809bba9-78dd-4e8a-8b09-506fd832a271	active	2020-03-21 02:44:29.139976	2020-03-21 02:44:29.139976	9.99	e62ed49b-4043-457a-87c6-ba0fae72e5f1	English
d0eebd83-7333-4472-852b-6811ff5f9542	c980efe7-7c59-4e03-9f41-614ddd293e34	ba30d621-23ad-466d-bed9-1f94191b68a8	active	2020-03-21 02:44:29.14295	2020-03-21 02:44:29.14295	9.99	d4fbc89c-e585-4d76-a67b-06279c522ad0	English
b2e3d96b-8944-4b46-8b5f-c0fb4ad366b0	c980efe7-7c59-4e03-9f41-614ddd293e34	ba5d8e79-c7a4-4c5f-b68b-ff43a27a5cc0	active	2020-03-21 02:44:29.146513	2020-03-21 02:44:29.146513	9.99	2ba8231a-091e-41b1-b404-d1cc7f365ad2	English
6d21aa9e-26f4-409c-9056-bca6bbd4e5bd	c980efe7-7c59-4e03-9f41-614ddd293e34	ba9dec70-6e46-4a96-8a7a-19ad22b8884f	active	2020-03-21 02:44:29.149816	2020-03-21 02:44:29.149816	9.99	86eaed61-0f53-4477-95a6-4a94a7d13eec	English
fd7ffa74-3cb3-4ece-a151-6d952e9e33b8	c980efe7-7c59-4e03-9f41-614ddd293e34	bcc87592-d4d0-4c6d-8020-0bac8549d48a	active	2020-03-21 02:44:29.152677	2020-03-21 02:44:29.152677	9.99	df782f69-a4ae-4725-9aeb-4a6bf95cffaa	English
5d9bfea9-b254-4427-91de-ccf3e9a9770d	c980efe7-7c59-4e03-9f41-614ddd293e34	c0752bba-98ce-4ab3-8d6d-de7c55b79302	active	2020-03-21 02:44:29.155411	2020-03-21 02:44:29.155411	9.99	8a44fa35-6404-4ec6-bb12-58f17a7f37d0	English
9f8a3bf3-15bc-4048-ac57-6c1312b773b1	c980efe7-7c59-4e03-9f41-614ddd293e34	c155fcc8-af66-42ce-84dd-4ee6c2e8fc8f	active	2020-03-21 02:44:29.159075	2020-03-21 02:44:29.159075	9.99	6b87a985-54e6-4c1e-9993-0614d3c9e190	English
e10b0501-cb71-43b7-9a16-5b7fe3366cce	c980efe7-7c59-4e03-9f41-614ddd293e34	c270a930-f56d-43bd-8175-cd7be0eba6c8	active	2020-03-21 02:44:29.162702	2020-03-21 02:44:29.162702	9.99	c646f7cc-795a-466a-a2d6-05b4dc80c280	English
9bbbbca8-aad3-4d16-95db-5da4a0fe812d	c980efe7-7c59-4e03-9f41-614ddd293e34	c3661ed4-2bbd-4423-a145-eb2871bb9866	active	2020-03-21 02:44:29.165799	2020-03-21 02:44:29.165799	9.99	c8ccb209-4358-4265-b239-3731591463bd	English
f0b3bb1e-4469-4ff6-8907-2da9acff944e	c980efe7-7c59-4e03-9f41-614ddd293e34	c4a99e17-0da7-40a0-896e-580b69c20561	active	2020-03-21 02:44:29.168809	2020-03-21 02:44:29.168809	9.99	c6e48e46-1a5f-4a79-918c-f6852c44839d	English
4bfc8186-0c7a-488e-b7b0-6b968588f06d	c980efe7-7c59-4e03-9f41-614ddd293e34	c50083cd-82b5-4fc9-9962-c769c14894d7	active	2020-03-21 02:44:29.171566	2020-03-21 02:44:29.171566	9.99	f6ebc031-5231-4c94-a079-ad2c9ab6d691	English
614e6384-3645-42e0-b96a-2c10f381c7bb	c980efe7-7c59-4e03-9f41-614ddd293e34	c72101f6-be06-4ced-9f0f-98c25384d052	active	2020-03-21 02:44:29.17446	2020-03-21 02:44:29.17446	9.99	42e39ef0-0edb-442b-ae40-717fb61b9ef9	English
57fea0f5-6ae2-4831-82ec-7dabe954fe9e	c980efe7-7c59-4e03-9f41-614ddd293e34	c8a8bcca-8f40-45a5-8a5a-7b7be73fc58c	active	2020-03-21 02:44:29.178067	2020-03-21 02:44:29.178067	9.99	6aec53ee-e861-4419-8c9b-8414225d56dc	English
c8cd07f1-64ba-41e9-b70f-bf4bb5c67619	c980efe7-7c59-4e03-9f41-614ddd293e34	c940a6c6-1a70-4e06-9c26-030c8be5ae62	active	2020-03-21 02:44:29.181608	2020-03-21 02:44:29.181608	9.99	bbfa01fd-df89-4516-99e1-222068429d0a	English
ee5b0157-a4fc-40e8-8106-4bddb977783c	c980efe7-7c59-4e03-9f41-614ddd293e34	c97c02b0-9559-45c8-b238-444d5a116347	active	2020-03-21 02:44:29.184731	2020-03-21 02:44:29.184731	9.99	c2365998-5301-4183-9e3c-cfca527d9ff5	English
9270e96d-d75c-45ed-943b-a828ac547604	c980efe7-7c59-4e03-9f41-614ddd293e34	cc5d56de-eb33-4c08-bedb-435d2b08f1ba	active	2020-03-21 02:44:29.187498	2020-03-21 02:44:29.187498	9.99	a4353984-2690-460c-bd2a-e936e63ea9ea	English
4fdea616-9193-4064-a642-354b317ea2bc	c980efe7-7c59-4e03-9f41-614ddd293e34	ce41ea22-7797-4582-b74d-a96681c191e6	active	2020-03-21 02:44:29.190196	2020-03-21 02:44:29.190196	9.99	158d7ab3-4270-4e1e-b06e-29242c0408e0	English
9cfe3f26-7cda-44c3-bf6b-1e9661884a22	c980efe7-7c59-4e03-9f41-614ddd293e34	cee13996-f28c-461f-b008-6e0a52d621fa	active	2020-03-21 02:44:29.193316	2020-03-21 02:44:29.193316	9.99	9cfb0699-d209-4e62-bd6d-1abf9efd568b	English
c21919c5-aff4-4884-ad7d-09fdc27550cb	c980efe7-7c59-4e03-9f41-614ddd293e34	cfa9e5b0-659c-4cbb-a998-590fda8f1557	active	2020-03-21 02:44:29.196479	2020-03-21 02:44:29.196479	9.99	533245d4-3914-4fb7-b4a5-077c2279f612	English
d6c06b14-a8fc-420b-8499-17939c835794	c980efe7-7c59-4e03-9f41-614ddd293e34	d1df3cd0-d5e9-4cfb-9c30-bf5e7474ca03	active	2020-03-21 02:44:29.199617	2020-03-21 02:44:29.199617	9.99	b3eb2738-0b16-4a78-b731-6735b00525d9	English
bd4db8f9-5003-4eaa-8668-7ef4e0e33b36	c980efe7-7c59-4e03-9f41-614ddd293e34	d24bcb29-c3fd-411d-b443-eae90a9910b8	active	2020-03-21 02:44:29.202883	2020-03-21 02:44:29.202883	9.99	ce506da9-3228-4b5d-9d77-6db3e4094113	English
5096b85b-e5eb-4165-afb1-6baeb1bb78e2	c980efe7-7c59-4e03-9f41-614ddd293e34	d5a6c708-2895-4a4b-939e-9d3d3f034f3a	active	2020-03-21 02:44:29.208178	2020-03-21 02:44:29.208178	9.99	6b53ff86-6bad-40a7-97c0-b1ed60abb0d7	English
2235f2f9-0f19-42a8-b663-708f8518f4bd	c980efe7-7c59-4e03-9f41-614ddd293e34	d74af61d-3a98-4529-8571-3df3d3d68774	active	2020-03-21 02:44:29.213114	2020-03-21 02:44:29.213114	9.99	b99c3274-3047-4221-8152-ff9376776f90	English
e3016706-82f4-4f90-8ea4-887a0fcfee54	c980efe7-7c59-4e03-9f41-614ddd293e34	d80ddf7b-0be4-4749-80ce-1768ce22e517	active	2020-03-21 02:44:29.216363	2020-03-21 02:44:29.216363	9.99	30e6182b-25b1-48f6-bc37-fb95cf72ec1e	English
cdbb2437-a9b3-48bf-bd7e-fb4640a496f3	c980efe7-7c59-4e03-9f41-614ddd293e34	d97ce9f3-6a87-4f34-bffc-6559e9556912	active	2020-03-21 02:44:29.219485	2020-03-21 02:44:29.219485	9.99	9ebccc3f-022e-4a61-95a6-25ec73176b38	English
2b142b06-36e3-4774-a32b-e06e53d2177c	c980efe7-7c59-4e03-9f41-614ddd293e34	dc30cb09-6989-4f5a-9f02-9ac250aa3456	active	2020-03-21 02:44:29.223026	2020-03-21 02:44:29.223026	9.99	68549500-5f5f-459c-9760-18b86385dae2	English
e3d23884-0d4e-4f76-9320-691ad1415bce	c980efe7-7c59-4e03-9f41-614ddd293e34	de647984-2468-4e0a-8200-62ded46a8e9b	active	2020-03-21 02:44:29.226287	2020-03-21 02:44:29.226287	9.99	0c109e0f-6a26-4552-97eb-f47cf4fc9d84	English
22665340-f5ea-401d-bb89-8847503ad691	c980efe7-7c59-4e03-9f41-614ddd293e34	e06a9e85-d0f8-452a-bd9b-1eca8c6ac0f8	active	2020-03-21 02:44:29.23011	2020-03-21 02:44:29.23011	9.99	866eab08-1afc-47bd-9ad9-723512cbb17e	English
301d80b9-a5ca-477a-b8d4-97e481cbb89d	c980efe7-7c59-4e03-9f41-614ddd293e34	e0a0a849-2970-429f-820f-6378269814f3	active	2020-03-21 02:44:29.233082	2020-03-21 02:44:29.233082	9.99	5a874323-b02e-4049-bd71-ddbf090b3a1f	English
778ae2fd-d323-46a7-b71d-37f7ea5a72f7	c980efe7-7c59-4e03-9f41-614ddd293e34	e5ddd1c2-8272-4c79-9a73-d8a3546fb125	active	2020-03-21 02:44:29.235933	2020-03-21 02:44:29.235933	9.99	2ed21555-5866-4494-9405-de915e38bb3c	English
1a252bfc-b4b8-482a-a076-a5d0cccf1879	c980efe7-7c59-4e03-9f41-614ddd293e34	e684f7b5-5e78-4309-82b8-d2c3ab1e7d2d	active	2020-03-21 02:44:29.239094	2020-03-21 02:44:29.239094	9.99	eabe6b24-345d-4689-8911-b1016f464803	English
1790450c-41df-4f49-bb5b-e7fec8b743e6	c980efe7-7c59-4e03-9f41-614ddd293e34	e8f95032-4425-4cba-a950-a81bc4adc384	active	2020-03-21 02:44:29.241924	2020-03-21 02:44:29.241924	9.99	0514dbb1-a799-4687-953c-d542f3338765	English
66d1306e-9d67-4cdf-b55f-262bbb2ff397	c980efe7-7c59-4e03-9f41-614ddd293e34	e961c838-6cdb-48e1-a220-956ba6cd0b4a	active	2020-03-21 02:44:29.245188	2020-03-21 02:44:29.245188	9.99	3598c157-2346-4e96-b445-f78d9b687b12	English
0b41cc8a-f108-40d3-bcca-036ec7641a1c	c980efe7-7c59-4e03-9f41-614ddd293e34	eb3ce0fa-f682-466a-bab9-e8db4c988245	active	2020-03-21 02:44:29.248316	2020-03-21 02:44:29.248316	9.99	83c08066-c7aa-4896-8d4b-2a61cd5cff56	English
65543a90-6cf1-4a1f-8e51-d299bfcfc2d3	c980efe7-7c59-4e03-9f41-614ddd293e34	ed3781db-010c-4713-ba8e-87c36676f5c5	active	2020-03-21 02:44:29.25114	2020-03-21 02:44:29.25114	9.99	71578bf6-484e-4ef7-9e76-ea856a2b6703	English
7057b2c3-49c5-4074-8b23-21269a0d72c6	c980efe7-7c59-4e03-9f41-614ddd293e34	ed5cfffd-7611-4a15-98c3-b712a6a9f77f	active	2020-03-21 02:44:29.25414	2020-03-21 02:44:29.25414	9.99	5acd22a7-7079-4842-acb1-1dd9d5637b67	English
307a4176-e577-4523-86fc-f921aba05841	c980efe7-7c59-4e03-9f41-614ddd293e34	edb18367-2bfe-465b-a286-3904a9b3cdd7	active	2020-03-21 02:44:29.25747	2020-03-21 02:44:29.25747	9.99	1da9fef1-6cb5-4ddc-b0ab-9fd0941590ba	English
cf0d7713-de80-444c-8dae-797c459f7cd6	c980efe7-7c59-4e03-9f41-614ddd293e34	ef795bfb-1ebe-4dd2-aa44-6257583c76d8	active	2020-03-21 02:44:29.261533	2020-03-21 02:44:29.261533	9.99	b266d3ef-171b-4a09-925c-f46a2ef04bfe	English
d61f7ca0-dd91-49f4-bf97-2ed245e08720	c980efe7-7c59-4e03-9f41-614ddd293e34	efe3406a-e4eb-4095-9b08-17491f51506e	active	2020-03-21 02:44:29.264716	2020-03-21 02:44:29.264716	9.99	dcec5cc2-96e2-4d8d-ae06-2b44e0a6f1a7	English
75493a3e-a224-4e36-ac0e-a3c69b4ccb8e	c980efe7-7c59-4e03-9f41-614ddd293e34	f033feb9-290d-44ec-ba1b-737decb23a37	active	2020-03-21 02:44:29.26827	2020-03-21 02:44:29.26827	9.99	fb9edd47-f65c-49a0-82fa-8fe621c215c0	English
5c527a59-051c-44e3-8e60-f8686d4637df	c980efe7-7c59-4e03-9f41-614ddd293e34	f0f8e04d-4074-4a5e-acfb-b2a79f886cc2	active	2020-03-21 02:44:29.271198	2020-03-21 02:44:29.271198	9.99	26e7d5d8-c316-4286-873e-72e29c2eedb3	English
adb3632a-a45a-4dce-bb2f-6ffd7af18ba6	c980efe7-7c59-4e03-9f41-614ddd293e34	f112e1b8-033c-4f01-8665-203f067fb391	active	2020-03-21 02:44:29.274013	2020-03-21 02:44:29.274013	9.99	00dbf51b-f40c-425e-bd7b-45050d09ef13	English
f76711c5-9b85-4322-b9ee-6c4393e0fbb8	c980efe7-7c59-4e03-9f41-614ddd293e34	f1e090ce-c20e-4e84-a028-34d25e58b1d5	active	2020-03-21 02:44:29.277901	2020-03-21 02:44:29.277901	9.99	92136709-8a74-4968-bdf5-361efaced088	English
a0d6e084-9261-4a19-98be-78f002371339	c980efe7-7c59-4e03-9f41-614ddd293e34	f1ec4508-33bf-47a8-8e70-cf2a45a7345a	active	2020-03-21 02:44:29.281422	2020-03-21 02:44:29.281422	9.99	0d87eeb0-88fc-47c0-b132-785ee2c48bfe	English
f7256cb5-b570-422f-992d-090837e8663b	c980efe7-7c59-4e03-9f41-614ddd293e34	f2bfa96c-7ef0-42c7-95ce-42dbfd49644a	active	2020-03-21 02:44:29.284467	2020-03-21 02:44:29.284467	9.99	8810bdad-7239-4694-9ca4-a16b1b0abee0	English
7a660930-5380-4e7d-b958-9e4bc67dddea	c980efe7-7c59-4e03-9f41-614ddd293e34	f2ef1d82-78fd-4c3f-b84b-a398b3859f65	active	2020-03-21 02:44:29.287525	2020-03-21 02:44:29.287525	9.99	48d69cf7-42ba-40ac-8a80-ac37742bfba0	English
c50029bb-200a-42de-a58e-c0af9ce15b41	c980efe7-7c59-4e03-9f41-614ddd293e34	f4d2a7e3-5430-4077-a9b8-5685cc5b48d0	active	2020-03-21 02:44:29.290575	2020-03-21 02:44:29.290575	9.99	be1a6cae-faa4-4853-baaf-fde8422de68d	English
f29a364f-964c-4240-937a-c4f6dc7fb06c	c980efe7-7c59-4e03-9f41-614ddd293e34	f5016b17-fc61-4e47-af01-ce995ad60638	active	2020-03-21 02:44:29.294092	2020-03-21 02:44:29.294092	9.99	3f73e3b1-facf-40e3-9281-0b7eaf777184	English
cdc8bcf2-be38-4f0d-9443-17e2a5eeaf51	c980efe7-7c59-4e03-9f41-614ddd293e34	f9b356e5-deb7-4bec-9c20-75992b569b7d	active	2020-03-21 02:44:29.297505	2020-03-21 02:44:29.297505	9.99	2131f8d4-81f5-4bde-9b53-ed1a2fed3282	English
81d9f705-5b07-46cb-918d-1c491115cad1	c980efe7-7c59-4e03-9f41-614ddd293e34	fb529e1a-e80e-434b-ba3a-1300e53637eb	active	2020-03-21 02:44:29.300626	2020-03-21 02:44:29.300626	9.99	6bce077d-4d91-4e1c-97fa-17040671f077	English
7267970d-c2e4-443e-89ab-c65976aff19b	c980efe7-7c59-4e03-9f41-614ddd293e34	fb7b4566-c810-4479-8fa0-97b10d37c40e	active	2020-03-21 02:44:29.303738	2020-03-21 02:44:29.303738	9.99	502478b0-1c75-4322-b24c-5784a7bbc3f5	English
5b8ddf28-1660-4e2f-bd2f-0c73a1c9a796	c980efe7-7c59-4e03-9f41-614ddd293e34	fe5ef83f-2d6c-4db0-b4b8-17719600ba5d	active	2020-03-21 02:44:29.306896	2020-03-21 02:44:29.306896	9.99	1af42c2c-3771-46f0-9667-c5f4c68f362e	English
3344b30f-61f9-4bec-8aa0-0ab4ee040492	0dbcd934-390a-4891-98c5-7ffcd2236848	00ddcf60-343a-4f97-9159-857d255c7a40	active	2020-03-21 02:44:29.314259	2020-03-21 02:44:29.314259	9.99	c6d7d486-817a-4af4-9f02-1116fe399ad2	English
92a86025-d1d2-45a9-831a-9113a5dee4fe	0dbcd934-390a-4891-98c5-7ffcd2236848	01a6a90d-b4b0-49f4-afbd-40daccfb7975	active	2020-03-21 02:44:29.317586	2020-03-21 02:44:29.317586	9.99	7aec746d-0a8b-4e35-8b00-ad8b9f0a6fac	English
a466b9b5-9a38-479e-a715-26ecd21d011a	0dbcd934-390a-4891-98c5-7ffcd2236848	0210568e-f52a-4183-9399-3f59a37523f1	active	2020-03-21 02:44:29.320778	2020-03-21 02:44:29.320778	9.99	a1614332-b778-4b13-ae30-b0864eaf6078	English
4cf23aae-a7f4-4908-9b60-cf7e287f3f99	0dbcd934-390a-4891-98c5-7ffcd2236848	0a40b429-225b-435d-8fed-9e5fb3949fa8	active	2020-03-21 02:44:29.324092	2020-03-21 02:44:29.324092	9.99	fa6437cf-440c-48d2-a58a-8f829f383406	English
b2b1048a-8ded-4eff-b0e5-ad9d78418934	0dbcd934-390a-4891-98c5-7ffcd2236848	0abdba27-7588-489c-ade3-bf11a5e555b2	active	2020-03-21 02:44:29.328046	2020-03-21 02:44:29.328046	9.99	00da36bf-840b-4cff-92e2-ad30718cd819	English
fb8ac4a9-4360-4719-9513-096867225066	0dbcd934-390a-4891-98c5-7ffcd2236848	0ad50f31-5ce9-46f7-a8f8-e0d6ffc2661b	active	2020-03-21 02:44:29.331336	2020-03-21 02:44:29.331336	9.99	8fc6442f-9766-4859-9333-2740f0c43862	English
8cf29052-f18d-4010-8476-92ae4a46045f	0dbcd934-390a-4891-98c5-7ffcd2236848	0b21d48b-a8db-42b6-801b-9b32887c854e	active	2020-03-21 02:44:29.334343	2020-03-21 02:44:29.334343	9.99	a9622a38-1245-4226-b856-fb108bf71206	English
5e5c88d7-827a-498c-95d8-4e30e4921d9b	0dbcd934-390a-4891-98c5-7ffcd2236848	0c11bff7-d16d-4c0c-adce-9b8ca475ce76	active	2020-03-21 02:44:29.337212	2020-03-21 02:44:29.337212	9.99	fc4081c9-7e05-459d-a9be-09aec6ac5079	English
4818e2fc-97aa-430f-ab2a-feffe17ea13a	0dbcd934-390a-4891-98c5-7ffcd2236848	104da4c8-5172-4c86-9d53-68840623adcb	active	2020-03-21 02:44:29.340393	2020-03-21 02:44:29.340393	9.99	d69d8808-7e54-4a41-a417-9a9d7546f521	English
17e804cb-945b-450f-a38b-5afc925a9939	0dbcd934-390a-4891-98c5-7ffcd2236848	11948cef-bb83-4b40-8095-8b726b6d336d	active	2020-03-21 02:44:29.343476	2020-03-21 02:44:29.343476	9.99	371e73ad-854e-47a8-b655-fb535385c01d	English
fc61c4bb-a35b-4c96-a7c6-dc4a960a8caf	0dbcd934-390a-4891-98c5-7ffcd2236848	15e34525-9a1e-46aa-9acc-c9b8cd86f158	active	2020-03-21 02:44:29.346765	2020-03-21 02:44:29.346765	9.99	56afeb6f-30bd-46f4-b337-17aa8bc7ffe4	English
f5e86fd7-d626-41d5-9d52-a98a4318fce5	0dbcd934-390a-4891-98c5-7ffcd2236848	178563f9-82c6-47ab-8c12-b4864f07c04c	active	2020-03-21 02:44:29.349744	2020-03-21 02:44:29.349744	9.99	a11fae16-b401-47c7-82e9-969758e62ff5	English
54ede28a-8b6f-4afa-8289-cfc0f9f3011c	0dbcd934-390a-4891-98c5-7ffcd2236848	17f9b761-d08a-4dcc-9a77-0e8cb6ab0a5a	active	2020-03-21 02:44:29.352742	2020-03-21 02:44:29.352742	9.99	beaf7e8e-9771-4536-841e-05f27f209fc8	English
28267b05-9d10-47d5-9b85-7fbba05e1e9d	0dbcd934-390a-4891-98c5-7ffcd2236848	18602539-7b1a-4fd6-9e69-695d0f8ccf44	active	2020-03-21 02:44:29.355798	2020-03-21 02:44:29.355798	9.99	1cf9e2a5-d64d-4ab4-8d9f-58b9d7a031cd	English
226e1ee5-b610-467d-ad16-e3171972f21c	0dbcd934-390a-4891-98c5-7ffcd2236848	189969a6-8dce-41ea-9f49-38fbef55bb75	active	2020-03-21 02:44:29.359136	2020-03-21 02:44:29.359136	9.99	dfaad4b0-5e6a-42d6-9bdb-43da99d5e1fe	English
ef5f0a43-b58e-4b88-bc77-9e0f3bfe87f8	0dbcd934-390a-4891-98c5-7ffcd2236848	1a867d9e-e425-4188-b146-9b275ba6f6c5	active	2020-03-21 02:44:29.363653	2020-03-21 02:44:29.363653	9.99	57e44e7d-05c1-42aa-b133-02c6fbfe3b15	English
08698f52-d0a4-41d1-baa9-c40dc95245ea	0dbcd934-390a-4891-98c5-7ffcd2236848	1b6b841b-3352-47fd-a7dd-1072f80ab0e6	active	2020-03-21 02:44:29.367151	2020-03-21 02:44:29.367151	9.99	7a5bcf68-5e88-4646-ab46-97830a09e456	English
95f5a422-0d8d-4c75-b313-9dc0d7af2638	0dbcd934-390a-4891-98c5-7ffcd2236848	1c83208a-8f21-4dc9-968a-7d135a31d8a4	active	2020-03-21 02:44:29.372254	2020-03-21 02:44:29.372254	9.99	252799ba-99f7-476a-bd63-2e83df4993ad	English
40bff120-7d44-4acb-b1a5-d121549c607c	0dbcd934-390a-4891-98c5-7ffcd2236848	1c92b951-d278-48c4-a523-0b23462c4331	active	2020-03-21 02:44:29.375435	2020-03-21 02:44:29.375435	9.99	a1cb47c7-815e-474a-bd88-5cfdc152efb7	English
97c45697-97db-4a8c-b483-9c985e45fa71	0dbcd934-390a-4891-98c5-7ffcd2236848	1cd068de-d149-4ce0-8ca1-956feb1b0aa9	active	2020-03-21 02:44:29.378975	2020-03-21 02:44:29.378975	9.99	66076eba-3e50-4728-b3ed-327d2e19049a	English
1341d3ee-362a-43ba-957b-93fff6395960	0dbcd934-390a-4891-98c5-7ffcd2236848	20235145-eb30-4c0e-890b-f4244a29911a	active	2020-03-21 02:44:29.382309	2020-03-21 02:44:29.382309	9.99	3461effb-5399-473f-9f7a-7a0fdaab315a	English
e641a377-ef86-46af-9ead-f7e0444ef527	0dbcd934-390a-4891-98c5-7ffcd2236848	20604a0e-b140-4e5c-bdf9-33c8af30fcc7	active	2020-03-21 02:44:29.385259	2020-03-21 02:44:29.385259	9.99	98df5db7-513d-4b8d-af0f-344eb91dff44	English
806d2e00-439f-42fa-a877-5576cd780c2f	0dbcd934-390a-4891-98c5-7ffcd2236848	2293a075-8186-426b-b70c-b95eb63a3aef	active	2020-03-21 02:44:29.388153	2020-03-21 02:44:29.388153	9.99	8b8be122-569b-429e-8073-8853c65d7cb5	English
d9fabe72-22ed-44b6-92dd-e2ca1dda258e	0dbcd934-390a-4891-98c5-7ffcd2236848	22d05688-b240-4f18-8cba-a267e7f9e1ac	active	2020-03-21 02:44:29.390974	2020-03-21 02:44:29.390974	9.99	c30f244b-6294-4e86-aadf-e2f8207ee72b	English
e24d64aa-3476-42a0-b454-b290226d456e	0dbcd934-390a-4891-98c5-7ffcd2236848	25bfc03a-554c-41b8-99ab-d56468e362b8	active	2020-03-21 02:44:29.394642	2020-03-21 02:44:29.394642	9.99	412f14eb-2699-4c01-8047-258d13383b5b	English
c616974b-c2c9-4b51-8162-a3879bca7da4	0dbcd934-390a-4891-98c5-7ffcd2236848	272b90fd-1b0a-4f57-b33a-87e97b1243e8	active	2020-03-21 02:44:29.398001	2020-03-21 02:44:29.398001	9.99	ac8670f8-7c5f-4c9c-a9ca-d2a19267d86f	English
60720ae2-235c-42ad-9561-491f704dffa0	0dbcd934-390a-4891-98c5-7ffcd2236848	27419075-eaf9-4d0c-8043-bffda2f69e72	active	2020-03-21 02:44:29.401171	2020-03-21 02:44:29.401171	9.99	1fd67df0-9d55-45c4-bd98-3cd787157d63	English
22f700d0-3808-444f-87e7-09184156992f	0dbcd934-390a-4891-98c5-7ffcd2236848	275312fc-6fbe-42ba-afe4-043b2162d35a	active	2020-03-21 02:44:29.404108	2020-03-21 02:44:29.404108	9.99	91995b71-3023-4c9c-b487-708df6407cb4	English
e3ac139e-37d9-47ed-bf5c-a195bcbe41cd	0dbcd934-390a-4891-98c5-7ffcd2236848	2a0bf7ec-dd34-4be8-a1fb-24f9394b8cb4	active	2020-03-21 02:44:29.407475	2020-03-21 02:44:29.407475	9.99	72e03607-bec1-4513-978b-0fc2527ef65e	English
eb67f6ca-917c-4338-bf93-26b810b56599	0dbcd934-390a-4891-98c5-7ffcd2236848	31f1f564-a255-47dd-bda5-a2b875b9a73a	active	2020-03-21 02:44:29.411202	2020-03-21 02:44:29.411202	9.99	959718b0-f2c8-4958-93a7-1954f6cff863	English
49f5d372-78a5-40de-bd21-60a45a49cd56	0dbcd934-390a-4891-98c5-7ffcd2236848	32245817-efbf-49fc-acf1-678a531c9376	active	2020-03-21 02:44:29.414532	2020-03-21 02:44:29.414532	9.99	6b73f80d-e288-46ba-9c48-a43c5778a1b6	English
f2105006-bbfd-4f8f-977f-33cf71224aa8	0dbcd934-390a-4891-98c5-7ffcd2236848	32e7e8d5-8ec4-4a8d-9311-ff36fc78c57f	active	2020-03-21 02:44:29.417494	2020-03-21 02:44:29.417494	9.99	9e2c6abb-a1e6-4b9d-8994-add8553bc38a	English
ad417b4f-41a0-4923-b788-176a1423e3c9	0dbcd934-390a-4891-98c5-7ffcd2236848	33e6ebaa-a603-4af7-adc2-61535d4981f5	active	2020-03-21 02:44:29.420658	2020-03-21 02:44:29.420658	9.99	18283df8-4920-4d0c-aac1-095bd67bdc16	English
ad3f1799-2c5f-41ef-88f9-1974d5355a3b	0dbcd934-390a-4891-98c5-7ffcd2236848	34cc8e6b-4510-49ea-a7e7-fff63021a293	active	2020-03-21 02:44:29.423394	2020-03-21 02:44:29.423394	9.99	12779088-da10-4a15-b75e-9857c85efb2b	English
e863f396-fd68-47f3-881d-0dff18a05c01	0dbcd934-390a-4891-98c5-7ffcd2236848	350b30ef-f485-4ca2-9b48-71283229a864	active	2020-03-21 02:44:29.426608	2020-03-21 02:44:29.426608	9.99	af0d87ae-067f-46bc-858b-5e55d3489a2f	English
30c9f949-f04d-49ff-8abd-14f72492873e	0dbcd934-390a-4891-98c5-7ffcd2236848	361348e1-0eb0-4ff5-ad24-5b5255ecb2b0	active	2020-03-21 02:44:29.430053	2020-03-21 02:44:29.430053	9.99	c9c9bcf2-47f7-42a8-9afa-49a5f6690089	English
bd9c86e0-83f8-47a8-ad50-aec4aeb09b2e	0dbcd934-390a-4891-98c5-7ffcd2236848	370222cb-629d-455f-b983-93e8ce2d5c69	active	2020-03-21 02:44:29.433084	2020-03-21 02:44:29.433084	9.99	b70f74f4-93fe-41c1-9a41-7d3194a4452d	English
dd97cb58-f143-443c-82cd-a8194f9993b0	0dbcd934-390a-4891-98c5-7ffcd2236848	3724bfa9-e3b7-4a05-92ed-4cc599df7f5d	active	2020-03-21 02:44:29.43591	2020-03-21 02:44:29.43591	9.99	225f747f-a424-431d-964c-07d36d486fad	English
3a849d3d-22fe-4c00-a685-378b68698615	0dbcd934-390a-4891-98c5-7ffcd2236848	3eeece34-f643-4843-b521-1fdd1af2ede7	active	2020-03-21 02:44:29.438948	2020-03-21 02:44:29.438948	9.99	be7e8791-1363-4f6c-89df-f2d889369318	English
d320a782-5738-4ab6-81d0-93dcdd29afed	0dbcd934-390a-4891-98c5-7ffcd2236848	405fe0fe-5b81-4159-beb8-61d0da003b3f	active	2020-03-21 02:44:29.441807	2020-03-21 02:44:29.441807	9.99	4cc742db-8f4b-4022-9f78-97eaf3f12289	English
79bb50df-da26-49cf-9982-97a1dddde495	0dbcd934-390a-4891-98c5-7ffcd2236848	40cc407f-5d73-4941-b4a7-8bf189a3cad0	active	2020-03-21 02:44:29.444971	2020-03-21 02:44:29.444971	9.99	691b8d4d-b40f-4183-aefc-696c5be1d9bc	English
e4fade53-a766-44bf-9adf-17a41995a3d8	0dbcd934-390a-4891-98c5-7ffcd2236848	41e9c85e-938f-41e0-b3b2-198c45eb2ab1	active	2020-03-21 02:44:29.448327	2020-03-21 02:44:29.448327	9.99	1190b591-5027-4a99-a322-cd646b0a045f	English
263f3282-c5b9-4368-9b2c-36b22bc9f471	0dbcd934-390a-4891-98c5-7ffcd2236848	4213022c-fd73-44ab-adc5-a2500647dec5	active	2020-03-21 02:44:29.451346	2020-03-21 02:44:29.451346	9.99	2d31fed0-2486-4179-84e4-4a754fcbfcd7	English
e1b4b019-6dc5-42c2-8081-cf484c58804e	0dbcd934-390a-4891-98c5-7ffcd2236848	43b9c18d-4e54-4f5d-aea7-49e82d5a8175	active	2020-03-21 02:44:29.454334	2020-03-21 02:44:29.454334	9.99	65e6d604-8b0d-421b-94f3-3154516905b3	English
e5804c17-0169-46cb-95b2-eb8b7b2b02fe	0dbcd934-390a-4891-98c5-7ffcd2236848	4a4c160e-0be3-44a2-a8d1-744de0cb6f4e	active	2020-03-21 02:44:29.457311	2020-03-21 02:44:29.457311	9.99	57658670-d458-4015-bcbc-9eec3cfb5423	English
33ccf358-d6b1-41b9-bcc9-2256266f67e6	0dbcd934-390a-4891-98c5-7ffcd2236848	4a918440-5cf2-449f-a372-f8cbef51bcc8	active	2020-03-21 02:44:29.461495	2020-03-21 02:44:29.461495	9.99	d8619050-e829-45f2-a9b8-b7a8e41cfae1	English
434f014e-4742-467b-af41-7384d00131fa	0dbcd934-390a-4891-98c5-7ffcd2236848	4c1333bc-e48e-48ce-8012-1c4853e57070	active	2020-03-21 02:44:29.464558	2020-03-21 02:44:29.464558	9.99	53cc9112-0cdb-4ade-a23f-8c396b81b29b	English
dcd3c890-56ca-46ff-965c-2118bca906c8	0dbcd934-390a-4891-98c5-7ffcd2236848	4eb19ca9-12b1-4195-ab2d-89a9e4ceb465	active	2020-03-21 02:44:29.467738	2020-03-21 02:44:29.467738	9.99	e3326277-472b-4cf6-8703-b83f941f6662	English
a58a2587-6799-41bf-81b0-762e60c7a611	0dbcd934-390a-4891-98c5-7ffcd2236848	51fb2e17-d878-40d2-801c-cdae6d56e864	active	2020-03-21 02:44:29.470629	2020-03-21 02:44:29.470629	9.99	754c9713-3ba6-441e-8609-3fcb389b926c	English
2c33bd71-5075-49fc-a75b-86200c623626	0dbcd934-390a-4891-98c5-7ffcd2236848	53cfe092-f8cd-46fe-bd64-08a1a8279919	active	2020-03-21 02:44:29.473206	2020-03-21 02:44:29.473206	9.99	44436bd1-67a8-44d0-ba56-9698eaadca20	English
d3613bdc-698e-4070-bfb2-3380ef601d07	0dbcd934-390a-4891-98c5-7ffcd2236848	53d3cf63-28cc-46f9-9d4b-d136dc986aea	active	2020-03-21 02:44:29.476045	2020-03-21 02:44:29.476045	9.99	92340eec-4025-46e1-a517-265eae1de983	English
e8b884e7-12f8-43fc-ab59-482ec0a8b909	0dbcd934-390a-4891-98c5-7ffcd2236848	54792e48-5dc8-44de-8154-d7e9f4aa3828	active	2020-03-21 02:44:29.47949	2020-03-21 02:44:29.47949	9.99	e5c8e5c8-a004-4786-9d35-72d61b939e06	English
00764c12-0cf4-40a8-a6c0-5540fec90aa3	0dbcd934-390a-4891-98c5-7ffcd2236848	550a2d3d-061d-4443-bc89-ca85df92e171	active	2020-03-21 02:44:29.482717	2020-03-21 02:44:29.482717	9.99	40390a82-d600-4f28-b936-ae3a250048af	English
03636a5a-8278-4745-8417-9350aa2489a6	0dbcd934-390a-4891-98c5-7ffcd2236848	55771fbd-9b72-463a-ad79-d0f50bf79419	active	2020-03-21 02:44:29.485541	2020-03-21 02:44:29.485541	9.99	d008ca44-0d6b-49ad-83a8-6b6ad0b627fe	English
98d2c190-ccff-4937-990e-1e15b4bd459f	0dbcd934-390a-4891-98c5-7ffcd2236848	57634916-0b70-4486-994a-a845d87362ea	active	2020-03-21 02:44:29.48854	2020-03-21 02:44:29.48854	9.99	1534680e-1e56-4540-a843-e8f630f1f55d	English
4493e9a3-6087-43b2-b6b2-2595ea6a1438	0dbcd934-390a-4891-98c5-7ffcd2236848	599a445d-2c3f-47b2-aa48-1f2a366846db	active	2020-03-21 02:44:29.491558	2020-03-21 02:44:29.491558	9.99	fcac7749-b2a2-47bf-80b7-bba0aa16278f	English
3f7fadb2-0c49-480e-958e-95f62e106f13	0dbcd934-390a-4891-98c5-7ffcd2236848	59fdcfb9-569d-4955-b5c0-686cc617f9a0	active	2020-03-21 02:44:29.495034	2020-03-21 02:44:29.495034	9.99	0aba2b61-3055-492d-b89d-42b5250aacbd	English
6a98c34d-c5a8-46f1-8429-e52b1ee05f87	0dbcd934-390a-4891-98c5-7ffcd2236848	5af2f084-923b-46de-ba7f-c82efbd9b7c6	active	2020-03-21 02:44:29.498055	2020-03-21 02:44:29.498055	9.99	d37b15b5-ced3-4b5d-b94c-6cd75500faf1	English
85114641-dabc-422a-89af-d61292aad053	0dbcd934-390a-4891-98c5-7ffcd2236848	5bdab05b-8aec-4e11-a6e4-901087a29ae1	active	2020-03-21 02:44:29.500789	2020-03-21 02:44:29.500789	9.99	1320768c-182b-4d62-bc16-3d8d567099ba	English
ef9984dd-acff-4b4c-a595-011a79126f48	0dbcd934-390a-4891-98c5-7ffcd2236848	5c10052e-14c6-4bca-9f6a-1413ec0ce1c0	active	2020-03-21 02:44:29.503814	2020-03-21 02:44:29.503814	9.99	769d0ee8-534f-4f01-a4d5-d8bca74887ab	English
ac4d2e6a-3947-4c78-9f22-295e19eb434d	0dbcd934-390a-4891-98c5-7ffcd2236848	5ca5a478-4d38-4375-906d-ddec438aeeb8	active	2020-03-21 02:44:29.506889	2020-03-21 02:44:29.506889	9.99	64292fa9-3600-4877-889a-ecbd2e4e3c06	English
16bddf22-bcf4-44d3-8f17-1f31a724c3a0	0dbcd934-390a-4891-98c5-7ffcd2236848	5d08a3d8-5887-4148-ab45-b27030136ad7	active	2020-03-21 02:44:29.510069	2020-03-21 02:44:29.510069	9.99	70c319a0-69ef-4795-8fea-c70043218ff1	English
b359300c-707e-46f4-9e0b-e31520ac7e53	0dbcd934-390a-4891-98c5-7ffcd2236848	5dea7969-30f8-4b60-ac18-23c37709a87e	active	2020-03-21 02:44:29.513257	2020-03-21 02:44:29.513257	9.99	5c2c9ccc-2a25-4193-9ead-f723c36648cf	English
9810ef0a-ae2e-46ac-9a7d-a3eff774d807	0dbcd934-390a-4891-98c5-7ffcd2236848	5eb4bc1b-2306-41db-96f1-e66283a0ed22	active	2020-03-21 02:44:29.516177	2020-03-21 02:44:29.516177	9.99	a7308228-9221-4f09-9f8f-ffcb56f4936b	English
38da06b6-1a70-4071-aa00-dc8f5a3dd0cb	0dbcd934-390a-4891-98c5-7ffcd2236848	5f37d7e2-9810-4c0f-abdd-728623477284	active	2020-03-21 02:44:29.519097	2020-03-21 02:44:29.519097	9.99	df22c724-17fe-414b-a444-eec63597aa56	English
6856e15b-5e53-49bb-a049-1a66e3dc3bbc	0dbcd934-390a-4891-98c5-7ffcd2236848	612a7799-f6ad-4f06-8011-4284cd5c4ddf	active	2020-03-21 02:44:29.521883	2020-03-21 02:44:29.521883	9.99	025ec637-cdaa-4453-9b3e-9987c4ecd522	English
bd23ae4e-79cd-4686-aa13-1ab1a396da25	0dbcd934-390a-4891-98c5-7ffcd2236848	612bd6a7-8127-4eb1-beb2-327025510c77	active	2020-03-21 02:44:29.524591	2020-03-21 02:44:29.524591	9.99	98a45f14-32cd-49f1-815b-0b9cfc1baaa2	English
fa177492-2e6d-4f6c-9ebf-0c08cdd9f33a	0dbcd934-390a-4891-98c5-7ffcd2236848	6159abaa-0441-4979-988e-8a384cb6de12	active	2020-03-21 02:44:29.527826	2020-03-21 02:44:29.527826	9.99	dcdd77e8-47e7-4ed7-b699-d9ab0cf4a5d2	English
5e4e99d5-fc3d-4e4d-a15b-8cde7d37d41f	0dbcd934-390a-4891-98c5-7ffcd2236848	631cdb1f-accb-42ae-bb98-671cd193ea47	active	2020-03-21 02:44:29.530909	2020-03-21 02:44:29.530909	9.99	44ae130c-4b95-43d6-aed4-23213dddb0a9	English
a0edfaca-0115-4c66-a74f-3813a6a0e225	0dbcd934-390a-4891-98c5-7ffcd2236848	6565dda3-1df6-4458-ba10-67508a6c652f	active	2020-03-21 02:44:29.533661	2020-03-21 02:44:29.533661	9.99	5f670fa3-a26d-4306-a1d4-589489ae9456	English
6a859ef4-f20e-4bf5-a457-d8f11dc1ffc9	0dbcd934-390a-4891-98c5-7ffcd2236848	6609c536-342a-4b63-a913-138eb0f5cc1d	active	2020-03-21 02:44:29.5365	2020-03-21 02:44:29.5365	9.99	c75564c1-2193-4c24-99d4-3d519b0608ab	English
9fdebbb1-f716-4e5b-9b5a-a377b0efa390	0dbcd934-390a-4891-98c5-7ffcd2236848	69e2b6e9-f9ea-44eb-afd6-bd06de8c3c47	active	2020-03-21 02:44:29.539203	2020-03-21 02:44:29.539203	9.99	26b32c8e-593f-4c62-9e59-a3672941ab94	English
18577c50-1318-44be-8524-cbb3f717e241	0dbcd934-390a-4891-98c5-7ffcd2236848	6ab41d4e-2cc7-400b-a102-4ed44c131671	active	2020-03-21 02:44:29.541908	2020-03-21 02:44:29.541908	9.99	6304e1a8-1b90-4b01-9cca-4ca8f16ac0eb	English
8170e46f-cc79-4893-8c9a-8c66122ba510	0dbcd934-390a-4891-98c5-7ffcd2236848	6e078661-7e46-4ca9-a2b1-5d956e5a1895	active	2020-03-21 02:44:29.544948	2020-03-21 02:44:29.544948	9.99	2f5d6c17-c9ee-4efd-988f-34e2013ee2d1	English
ab7d2a88-aa5c-4a06-a6df-912cb8450af7	0dbcd934-390a-4891-98c5-7ffcd2236848	709c632e-078c-499d-b898-ba2acc6de3b6	active	2020-03-21 02:44:29.548292	2020-03-21 02:44:29.548292	9.99	b36557ee-5469-49ee-a6e3-168f2806d9a9	English
2fb79c26-b504-41a3-8e74-329802c84517	0dbcd934-390a-4891-98c5-7ffcd2236848	71f4552f-aced-4947-b403-beea3a387d1a	active	2020-03-21 02:44:29.551748	2020-03-21 02:44:29.551748	9.99	71974b5f-80bb-4bc8-8086-3b0358a186a8	English
4b1aa5e1-530a-4760-9df6-6d33722a9f8b	0dbcd934-390a-4891-98c5-7ffcd2236848	7354e16f-cbd6-4410-921f-30f94679d9b7	active	2020-03-21 02:44:29.554459	2020-03-21 02:44:29.554459	9.99	b9648609-779b-42d5-aef9-14137c98b753	English
177ae919-0dda-4fb2-bb77-791288e5aa41	0dbcd934-390a-4891-98c5-7ffcd2236848	73b1097a-242e-4166-9073-bc620eeb1315	active	2020-03-21 02:44:29.557315	2020-03-21 02:44:29.557315	9.99	4d592efc-6d55-44a9-a80d-b1bf9b99c0e9	English
7d5586eb-d092-4b15-8e77-4992b756f6e9	0dbcd934-390a-4891-98c5-7ffcd2236848	73dac57c-ad15-4cc0-91b2-56c9537937c9	active	2020-03-21 02:44:29.560589	2020-03-21 02:44:29.560589	9.99	3389162e-41ba-4679-bba5-8dceb8f059d4	English
3074c3ac-e003-47f4-a916-56cf1ace721c	0dbcd934-390a-4891-98c5-7ffcd2236848	769b4995-4f04-41da-a7bc-ffbd99275f2b	active	2020-03-21 02:44:29.563736	2020-03-21 02:44:29.563736	9.99	334e5f80-fb8b-470e-9c3a-a8a573d28683	English
ee0176a7-2d95-4de9-b8f1-00c1d666aa2e	0dbcd934-390a-4891-98c5-7ffcd2236848	76cc88c7-8e63-41be-a3ed-117af45f6ee2	active	2020-03-21 02:44:29.566712	2020-03-21 02:44:29.566712	9.99	eda9e4ec-b753-402d-8877-b3722a38df4e	English
79bd63e6-0465-49dc-8d4b-e1ad5ec1017c	0dbcd934-390a-4891-98c5-7ffcd2236848	77903911-1550-4f16-85d8-bc4234c3e2e1	active	2020-03-21 02:44:29.569672	2020-03-21 02:44:29.569672	9.99	76105be7-4fe6-4ee6-8804-e9da510c7bcf	English
80365332-0fc5-4526-b143-753daaa0f963	0dbcd934-390a-4891-98c5-7ffcd2236848	77e8c232-cd33-4919-8bd3-e70f862d7475	active	2020-03-21 02:44:29.572631	2020-03-21 02:44:29.572631	9.99	58ad19e2-6c4e-486c-9b8e-dbe32959f0d3	English
f989dc70-df6b-46b5-92c9-57f4160e5c22	0dbcd934-390a-4891-98c5-7ffcd2236848	795537e5-e1cd-465b-83e8-70bf838c8d87	active	2020-03-21 02:44:29.575375	2020-03-21 02:44:29.575375	9.99	b3e7efcd-6814-4a57-b0d1-47484e678d55	English
d0af8cad-f2eb-4ca8-9def-5036deb5800d	0dbcd934-390a-4891-98c5-7ffcd2236848	7bb63e6e-6133-4fa6-b20b-dc8d5a099dbb	active	2020-03-21 02:44:29.5791	2020-03-21 02:44:29.5791	9.99	97a5154b-5ed6-49cb-96fb-b40b0b5feb1c	English
722856cc-b360-4f27-b75c-14661c985d3e	0dbcd934-390a-4891-98c5-7ffcd2236848	7c3cfa96-4905-4dc5-8120-7b4625cee54b	active	2020-03-21 02:44:29.582536	2020-03-21 02:44:29.582536	9.99	61703664-547b-45cc-8881-b812282a9bed	English
47792e32-99cb-494d-80d4-e16bd16e3213	0dbcd934-390a-4891-98c5-7ffcd2236848	7ccf0e05-02b6-4040-9686-da439dd9071d	active	2020-03-21 02:44:29.585516	2020-03-21 02:44:29.585516	9.99	6ba1b158-9f89-4f21-907e-2673aca690a6	English
27c7925b-f9d6-45f2-a5a3-2b97f0b6fedb	0dbcd934-390a-4891-98c5-7ffcd2236848	7e76c2f7-d376-4a33-abe9-c8e4eb154790	active	2020-03-21 02:44:29.588325	2020-03-21 02:44:29.588325	9.99	db754cbc-714e-4c3b-bf24-91cf77ff9c72	English
830afbec-4010-44d7-8770-a48a4db292ad	0dbcd934-390a-4891-98c5-7ffcd2236848	7f5941f5-a53a-410a-b1c8-04076cf49019	active	2020-03-21 02:44:29.591125	2020-03-21 02:44:29.591125	9.99	13517bd5-6983-426c-961a-8cb016772b0a	English
57d5bcce-0a04-4149-aa63-ea916d3c6a3b	0dbcd934-390a-4891-98c5-7ffcd2236848	832371c0-6b42-40eb-806d-f261e5b48f7e	active	2020-03-21 02:44:29.594444	2020-03-21 02:44:29.594444	9.99	0de9a49e-1646-4247-bda5-8dac3042a357	English
c4776457-d08a-467d-b49f-0f490509578a	0dbcd934-390a-4891-98c5-7ffcd2236848	83b48730-ad02-4aa1-98bd-6e70a25473df	active	2020-03-21 02:44:29.597453	2020-03-21 02:44:29.597453	9.99	3967cbb5-1964-45b7-a091-0abc545d9aed	English
444d4f5e-6f6d-4672-8e14-48b334e5a5e2	0dbcd934-390a-4891-98c5-7ffcd2236848	83f85228-7d64-4767-bd65-1d0c6184dc3e	active	2020-03-21 02:44:29.60033	2020-03-21 02:44:29.60033	9.99	4ab5b540-d720-4c55-bd8c-7b89be5f3455	English
0b0b51e7-2e13-4287-934b-af4a15032911	0dbcd934-390a-4891-98c5-7ffcd2236848	87714331-cbad-4da1-a923-e5dd2d16ef78	active	2020-03-21 02:44:29.603156	2020-03-21 02:44:29.603156	9.99	74003052-e799-4f0d-8864-8290117fe42f	English
a45779e3-a332-4adb-a6e5-b41088e645ba	0dbcd934-390a-4891-98c5-7ffcd2236848	8a205d4d-44a3-4627-b964-65854895dc9c	active	2020-03-21 02:44:29.608351	2020-03-21 02:44:29.608351	9.99	111d47d0-5950-439b-864f-ddf4104d5b9f	English
2efff1f5-c186-4c46-abd5-97f97eba1485	0dbcd934-390a-4891-98c5-7ffcd2236848	9297702a-cce3-49d3-811f-a4052ff4ba27	active	2020-03-21 02:44:29.611902	2020-03-21 02:44:29.611902	9.99	9e58b6dd-6531-44b6-b508-90531dbc383e	English
d6c1e4ca-6677-4ccc-8889-0bd22abe64fe	0dbcd934-390a-4891-98c5-7ffcd2236848	9568db19-bb0c-4c8a-83d7-a64b15306e40	active	2020-03-21 02:44:29.614897	2020-03-21 02:44:29.614897	9.99	967e38fa-9219-4480-89b9-6c12268bd20d	English
2c51df58-60cc-49f1-9117-de82c80ef329	0dbcd934-390a-4891-98c5-7ffcd2236848	9598a332-93bb-40a5-82a7-1d2f33219ce5	active	2020-03-21 02:44:29.617716	2020-03-21 02:44:29.617716	9.99	b06577de-abe7-461e-980a-b1b47190ceb1	English
8783756f-3c56-4ed6-9c8f-1fcd896426f8	0dbcd934-390a-4891-98c5-7ffcd2236848	9655d977-a613-422d-89d4-006dfc458d2a	active	2020-03-21 02:44:29.620533	2020-03-21 02:44:29.620533	9.99	48c6adf7-1cf9-419f-bbd7-540fa29e0687	English
72fa9116-96e9-4412-b324-a3c2766dbdeb	0dbcd934-390a-4891-98c5-7ffcd2236848	98e2eed2-5839-481c-8cc0-ba643b3c7b65	active	2020-03-21 02:44:29.623398	2020-03-21 02:44:29.623398	9.99	601e0562-e13e-4b73-99be-68a817affd07	English
80181bc4-2713-4552-8024-7327150b6d44	0dbcd934-390a-4891-98c5-7ffcd2236848	9962f5fb-1e80-434e-9449-84733402829e	active	2020-03-21 02:44:29.626433	2020-03-21 02:44:29.626433	9.99	8fde8e05-284a-496f-9e58-af96431c4060	English
0de37763-11a6-4553-8a2e-999aa88622a0	0dbcd934-390a-4891-98c5-7ffcd2236848	9ad698bc-2161-4fe6-ac45-2e76d4cb7ae1	active	2020-03-21 02:44:29.629675	2020-03-21 02:44:29.629675	9.99	2a713a0f-7d9e-4026-a7d8-a6ed43d30e70	English
7b93515b-7ce1-4403-b297-2ddd37ffcea5	0dbcd934-390a-4891-98c5-7ffcd2236848	9fea2113-dd97-4fe0-be45-268f208598d1	active	2020-03-21 02:44:29.632834	2020-03-21 02:44:29.632834	9.99	1f223891-bc47-4551-8aaf-106849722297	English
a4f01849-433c-4123-ad5d-134962b70020	0dbcd934-390a-4891-98c5-7ffcd2236848	a0a4809f-e2e4-48fa-9d68-9568d93b8b2d	active	2020-03-21 02:44:29.635781	2020-03-21 02:44:29.635781	9.99	46eb231f-a28b-4814-8f94-73986bec3e86	English
d2ee4be6-8f1a-4d95-b288-33a047ca30bd	0dbcd934-390a-4891-98c5-7ffcd2236848	a11d61e9-78d1-4a38-bcfc-1bfbcbd7e8d0	active	2020-03-21 02:44:29.638834	2020-03-21 02:44:29.638834	9.99	67f823f1-0f21-48fe-b8ff-21e0d420caf9	English
2c2e84f6-7f20-45db-ade3-ded72dcac8ca	0dbcd934-390a-4891-98c5-7ffcd2236848	a3c796f4-c89b-43d6-b097-87176dac679e	active	2020-03-21 02:44:29.642541	2020-03-21 02:44:29.642541	9.99	b7bec3c6-3f55-4272-9c2c-8c8b658deb99	English
cfaf7273-2023-4ef5-ab05-92d4ce655513	0dbcd934-390a-4891-98c5-7ffcd2236848	a5a7e7d7-ca8b-4e27-b8db-bf3625d570e7	active	2020-03-21 02:44:29.645872	2020-03-21 02:44:29.645872	9.99	ff1bcad1-899e-411d-9566-4325ca99f115	English
a1f335c1-bfe6-49ff-b6c5-c1373670291e	0dbcd934-390a-4891-98c5-7ffcd2236848	a80dfe13-c351-45d2-84fd-1f9f2b2aefe1	active	2020-03-21 02:44:29.64886	2020-03-21 02:44:29.64886	9.99	1d439cea-882b-4276-9dd6-b89e3f9bff55	English
ece5b715-a093-4c15-88a1-aae2c3c2e5dc	0dbcd934-390a-4891-98c5-7ffcd2236848	a8a60517-a020-42f0-b0ff-8140d7259e9e	active	2020-03-21 02:44:29.651832	2020-03-21 02:44:29.651832	9.99	b8eaae07-2d93-43f8-bb57-cc96f1c3160f	English
a5698824-fd18-4c4e-91ea-48fb72ecd8c4	0dbcd934-390a-4891-98c5-7ffcd2236848	ae2cd780-5e13-4ae0-9785-4204586afd74	active	2020-03-21 02:44:29.654677	2020-03-21 02:44:29.654677	9.99	3bbe7743-07a7-4b6b-8e1f-d52b8c8f9131	English
b7da74d2-de4b-4cfc-a343-04d10be092f9	0dbcd934-390a-4891-98c5-7ffcd2236848	b2d8a83b-e8e2-4179-8c78-1fd428337a18	active	2020-03-21 02:44:29.657831	2020-03-21 02:44:29.657831	9.99	0753483d-c650-408d-8b25-f5993c2821eb	English
ddd69265-8548-4995-94ab-e0031c8e6749	0dbcd934-390a-4891-98c5-7ffcd2236848	b3804964-aecb-47b9-ab00-c4ddfa8e1bc7	active	2020-03-21 02:44:29.661539	2020-03-21 02:44:29.661539	9.99	abca5633-9bea-4bcc-b726-52b23fdfae70	English
3dd98ed4-470b-49d4-8249-19d1c7743334	0dbcd934-390a-4891-98c5-7ffcd2236848	b4381b6a-ed4c-4c28-bdab-ce100084ce7b	active	2020-03-21 02:44:29.664683	2020-03-21 02:44:29.664683	9.99	af74701e-c3eb-4d88-99c8-ce52e39017eb	English
fccdd287-983e-4211-bfbc-63e4aeaff4e3	0dbcd934-390a-4891-98c5-7ffcd2236848	b5584a6d-d621-4919-9637-9787c14f156e	active	2020-03-21 02:44:29.667583	2020-03-21 02:44:29.667583	9.99	bdc95aa8-4e17-4d65-ba9d-b2638ab25431	English
3d48eeb8-6b66-4da5-b2da-62ffd3ac5ced	0dbcd934-390a-4891-98c5-7ffcd2236848	b7e33883-f3f0-42b9-9dab-1a8f3f41ed57	active	2020-03-21 02:44:29.670555	2020-03-21 02:44:29.670555	9.99	5b4e0d81-b61e-4884-b4d3-1f9cc404eefa	English
79a149a4-651c-4b76-90b3-a6dfae6e0ed1	0dbcd934-390a-4891-98c5-7ffcd2236848	b809bba9-78dd-4e8a-8b09-506fd832a271	active	2020-03-21 02:44:29.673385	2020-03-21 02:44:29.673385	9.99	bcf68f8a-6b53-4078-8d6c-f6c80cfcc628	English
e34f3804-f347-4e34-b757-60401404b083	0dbcd934-390a-4891-98c5-7ffcd2236848	ba30d621-23ad-466d-bed9-1f94191b68a8	active	2020-03-21 02:44:29.676419	2020-03-21 02:44:29.676419	9.99	bb3a54f1-bf8c-4392-921f-34924f5e5987	English
4fb8b335-deb1-45b7-9ff6-225a836d92db	0dbcd934-390a-4891-98c5-7ffcd2236848	ba5d8e79-c7a4-4c5f-b68b-ff43a27a5cc0	active	2020-03-21 02:44:29.680328	2020-03-21 02:44:29.680328	9.99	756cc24f-19cd-4311-8e39-636469dd8081	English
d5563078-09bb-4781-8899-7d7f7a044660	0dbcd934-390a-4891-98c5-7ffcd2236848	ba9dec70-6e46-4a96-8a7a-19ad22b8884f	active	2020-03-21 02:44:29.683756	2020-03-21 02:44:29.683756	9.99	52daae2e-47b7-481b-b8c6-eb8eab7efafd	English
cfd7fc16-9042-49df-8df5-7dfc7c2584b2	0dbcd934-390a-4891-98c5-7ffcd2236848	bcc87592-d4d0-4c6d-8020-0bac8549d48a	active	2020-03-21 02:44:29.686722	2020-03-21 02:44:29.686722	9.99	c4354337-3c26-456b-9950-f6cf044f8e85	English
b0bead66-9934-45d1-bdb9-60bd0deb5c44	0dbcd934-390a-4891-98c5-7ffcd2236848	c0752bba-98ce-4ab3-8d6d-de7c55b79302	active	2020-03-21 02:44:29.689828	2020-03-21 02:44:29.689828	9.99	fc82b0f8-e966-4dc5-839c-8c1701778ada	English
3e031b3e-7dbf-43a7-a823-f1f18f29d73a	0dbcd934-390a-4891-98c5-7ffcd2236848	c155fcc8-af66-42ce-84dd-4ee6c2e8fc8f	active	2020-03-21 02:44:29.693029	2020-03-21 02:44:29.693029	9.99	557041b8-7694-4fd6-b71c-937f66295463	English
929a7fa7-d063-49b2-b68f-0d8ff94f440a	0dbcd934-390a-4891-98c5-7ffcd2236848	c270a930-f56d-43bd-8175-cd7be0eba6c8	active	2020-03-21 02:44:29.696732	2020-03-21 02:44:29.696732	9.99	77f30fe2-3475-40f8-a181-def4f4766049	English
0db59e1e-d73b-4cf6-8184-161b54195c4b	0dbcd934-390a-4891-98c5-7ffcd2236848	c3661ed4-2bbd-4423-a145-eb2871bb9866	active	2020-03-21 02:44:29.700094	2020-03-21 02:44:29.700094	9.99	806bc045-7764-4c91-a4cb-7584962d1541	English
ea92621f-f416-4272-a93b-f17ba10a7b76	0dbcd934-390a-4891-98c5-7ffcd2236848	c4a99e17-0da7-40a0-896e-580b69c20561	active	2020-03-21 02:44:29.703906	2020-03-21 02:44:29.703906	9.99	b2b16000-0514-4eb8-a630-0e1f0d9c4020	English
0034d29a-b778-4852-9601-47fe26e4760e	0dbcd934-390a-4891-98c5-7ffcd2236848	c50083cd-82b5-4fc9-9962-c769c14894d7	active	2020-03-21 02:44:29.709285	2020-03-21 02:44:29.709285	9.99	3a88b055-68a6-4d5e-9c73-d1ef7ebc7237	English
9807a4aa-82bb-494b-b6c2-fc3e48c5f803	0dbcd934-390a-4891-98c5-7ffcd2236848	c72101f6-be06-4ced-9f0f-98c25384d052	active	2020-03-21 02:44:29.712798	2020-03-21 02:44:29.712798	9.99	cf599a5b-b1ed-4a4d-87af-dfcc67880faa	English
991ea501-0d0b-4c99-ae9a-90a597adb702	0dbcd934-390a-4891-98c5-7ffcd2236848	c8a8bcca-8f40-45a5-8a5a-7b7be73fc58c	active	2020-03-21 02:44:29.71582	2020-03-21 02:44:29.71582	9.99	6c777d9a-c87d-45da-8a00-0248a5a3b990	English
72719b9c-7501-4802-b1ec-9d5eef7827dc	0dbcd934-390a-4891-98c5-7ffcd2236848	c940a6c6-1a70-4e06-9c26-030c8be5ae62	active	2020-03-21 02:44:29.718711	2020-03-21 02:44:29.718711	9.99	e4ce676a-fbc9-4820-a562-bad94893c5c0	English
96b5be35-14de-4534-a47e-ff8415c0459b	0dbcd934-390a-4891-98c5-7ffcd2236848	c97c02b0-9559-45c8-b238-444d5a116347	active	2020-03-21 02:44:29.721738	2020-03-21 02:44:29.721738	9.99	81797d20-707f-475a-a5b9-fba757b04ea7	English
23d10b6f-344a-4ef9-9278-2dbb43a7a4b0	0dbcd934-390a-4891-98c5-7ffcd2236848	cc5d56de-eb33-4c08-bedb-435d2b08f1ba	active	2020-03-21 02:44:29.724515	2020-03-21 02:44:29.724515	9.99	628e50e5-fd84-4f05-88a8-296b24ae7977	English
249c88d7-9e2e-4221-9b78-d447017f78b3	0dbcd934-390a-4891-98c5-7ffcd2236848	ce41ea22-7797-4582-b74d-a96681c191e6	active	2020-03-21 02:44:29.727654	2020-03-21 02:44:29.727654	9.99	4ac3f4b7-8a38-4bdc-813a-a64e7bfad349	English
4b34d303-f5ee-4612-abc0-c7074e01061b	0dbcd934-390a-4891-98c5-7ffcd2236848	cee13996-f28c-461f-b008-6e0a52d621fa	active	2020-03-21 02:44:29.731037	2020-03-21 02:44:29.731037	9.99	d8761434-1f7a-41a9-8355-27cdc520f588	English
892cfc4e-3f09-4430-85a0-8e2ab4936962	0dbcd934-390a-4891-98c5-7ffcd2236848	cfa9e5b0-659c-4cbb-a998-590fda8f1557	active	2020-03-21 02:44:29.733976	2020-03-21 02:44:29.733976	9.99	a5d7da48-16d1-4724-8686-1ead70f7c0a8	English
a5a5f02b-03b1-43d7-94df-5e0fcfb27b85	0dbcd934-390a-4891-98c5-7ffcd2236848	d1df3cd0-d5e9-4cfb-9c30-bf5e7474ca03	active	2020-03-21 02:44:29.736806	2020-03-21 02:44:29.736806	9.99	58d3eba8-c3f3-4680-b585-485a4ef14d3e	English
2acb3745-fa59-405b-bb19-468d09711821	0dbcd934-390a-4891-98c5-7ffcd2236848	d24bcb29-c3fd-411d-b443-eae90a9910b8	active	2020-03-21 02:44:29.740906	2020-03-21 02:44:29.740906	9.99	fbd5776b-079d-40fc-a86c-6cf725756763	English
094385ed-757b-4293-a43b-c55475225005	0dbcd934-390a-4891-98c5-7ffcd2236848	d5a6c708-2895-4a4b-939e-9d3d3f034f3a	active	2020-03-21 02:44:29.744065	2020-03-21 02:44:29.744065	9.99	44f4ca95-30ab-4f8b-99a1-0c33256ed44b	English
4661dc15-0a93-475a-86f4-092d0645d34a	0dbcd934-390a-4891-98c5-7ffcd2236848	d74af61d-3a98-4529-8571-3df3d3d68774	active	2020-03-21 02:44:29.747072	2020-03-21 02:44:29.747072	9.99	5954d0d6-754e-4797-9549-6b9fca5b833c	English
949f3a52-bc15-4410-9e48-9bfc05c5dd94	0dbcd934-390a-4891-98c5-7ffcd2236848	d80ddf7b-0be4-4749-80ce-1768ce22e517	active	2020-03-21 02:44:29.750027	2020-03-21 02:44:29.750027	9.99	ae0ecc2d-25c8-4e71-8928-90e4aaef7301	English
45fa9d63-fa9b-4de8-92e2-2130df720b96	0dbcd934-390a-4891-98c5-7ffcd2236848	d97ce9f3-6a87-4f34-bffc-6559e9556912	active	2020-03-21 02:44:29.75269	2020-03-21 02:44:29.75269	9.99	a5f5b1f6-370b-4c81-86c1-3273de043103	English
df000146-1966-4fee-a8a5-de6c95d54e7a	0dbcd934-390a-4891-98c5-7ffcd2236848	dc30cb09-6989-4f5a-9f02-9ac250aa3456	active	2020-03-21 02:44:29.755294	2020-03-21 02:44:29.755294	9.99	cf938c9d-13e6-427a-9d7e-69664ebc7ea0	English
3db992fc-c41d-4d08-8551-f13d8446ac8f	0dbcd934-390a-4891-98c5-7ffcd2236848	de647984-2468-4e0a-8200-62ded46a8e9b	active	2020-03-21 02:44:29.758983	2020-03-21 02:44:29.758983	9.99	33f71e10-4418-4c0d-86f0-c1f585972eae	English
0fcc71cf-0b8e-405e-9811-88f72776d0de	0dbcd934-390a-4891-98c5-7ffcd2236848	e06a9e85-d0f8-452a-bd9b-1eca8c6ac0f8	active	2020-03-21 02:44:29.762537	2020-03-21 02:44:29.762537	9.99	7b4884f6-6034-4d06-8d25-99d7192ba939	English
648cfbab-b3f4-436f-b408-9ad826a901f0	0dbcd934-390a-4891-98c5-7ffcd2236848	e0a0a849-2970-429f-820f-6378269814f3	active	2020-03-21 02:44:29.765566	2020-03-21 02:44:29.765566	9.99	8b27fea0-69ab-4e33-851b-4b4c3eee394b	English
cdd562a1-b997-4a50-abc2-ea9ec004f8c8	0dbcd934-390a-4891-98c5-7ffcd2236848	e5ddd1c2-8272-4c79-9a73-d8a3546fb125	active	2020-03-21 02:44:29.768743	2020-03-21 02:44:29.768743	9.99	7284dbdb-37dc-435f-ab48-72f96d246843	English
c4839252-2afb-4a21-ab99-507c6aa2b319	0dbcd934-390a-4891-98c5-7ffcd2236848	e684f7b5-5e78-4309-82b8-d2c3ab1e7d2d	active	2020-03-21 02:44:29.771695	2020-03-21 02:44:29.771695	9.99	a1ab46e6-2504-4cea-b6d0-a7bcfafd2465	English
4a77cabd-6e55-4c61-8d62-775fc91d970b	0dbcd934-390a-4891-98c5-7ffcd2236848	e8f95032-4425-4cba-a950-a81bc4adc384	active	2020-03-21 02:44:29.774573	2020-03-21 02:44:29.774573	9.99	25946d07-793d-4785-ac5c-71998b69fde5	English
75dd03b9-4bd6-49b8-ab26-c4cfd16b9941	0dbcd934-390a-4891-98c5-7ffcd2236848	e961c838-6cdb-48e1-a220-956ba6cd0b4a	active	2020-03-21 02:44:29.777765	2020-03-21 02:44:29.777765	9.99	48917ed0-ca31-48cd-baf9-3f33a6bc9565	English
7db83ce3-38e7-48a2-affd-b35f1591ffa1	0dbcd934-390a-4891-98c5-7ffcd2236848	eb3ce0fa-f682-466a-bab9-e8db4c988245	active	2020-03-21 02:44:29.780962	2020-03-21 02:44:29.780962	9.99	fabcb68f-d9bf-46a0-b64a-2b8a484c5376	English
17cd9b65-427b-4508-9e45-a491c533b07d	0dbcd934-390a-4891-98c5-7ffcd2236848	ed3781db-010c-4713-ba8e-87c36676f5c5	active	2020-03-21 02:44:29.786879	2020-03-21 02:44:29.786879	9.99	309bf324-905c-42e8-8f53-7dd9e55fba6b	English
b3e05211-f457-40c9-9ac2-26cf7317bca1	0dbcd934-390a-4891-98c5-7ffcd2236848	ed5cfffd-7611-4a15-98c3-b712a6a9f77f	active	2020-03-21 02:44:29.790396	2020-03-21 02:44:29.790396	9.99	8846857f-7924-4741-8a54-858e1b6fbe44	English
eb8664ad-8d9d-4fbf-8423-8f5fd3ab67c7	0dbcd934-390a-4891-98c5-7ffcd2236848	edb18367-2bfe-465b-a286-3904a9b3cdd7	active	2020-03-21 02:44:29.794013	2020-03-21 02:44:29.794013	9.99	7000068a-8c70-4cf1-a711-8fe235e4627e	English
14d08fcc-b13e-4f64-b885-08a1160bce24	0dbcd934-390a-4891-98c5-7ffcd2236848	ef795bfb-1ebe-4dd2-aa44-6257583c76d8	active	2020-03-21 02:44:29.797167	2020-03-21 02:44:29.797167	9.99	3a0aabc3-2c7e-4df9-b070-f9da0672a1c4	English
7177df9b-8b52-4e43-a6c6-d2ac01551a86	0dbcd934-390a-4891-98c5-7ffcd2236848	efe3406a-e4eb-4095-9b08-17491f51506e	active	2020-03-21 02:44:29.800009	2020-03-21 02:44:29.800009	9.99	f2c75fb3-4a67-423c-a675-cc95f3ba619d	English
0bf85c6e-b2d4-4ac7-aa38-e3bc27fbed5a	0dbcd934-390a-4891-98c5-7ffcd2236848	f033feb9-290d-44ec-ba1b-737decb23a37	active	2020-03-21 02:44:29.803091	2020-03-21 02:44:29.803091	9.99	fb22f201-74af-44f2-9094-2e855abe39b1	English
b5719838-d389-43b3-9619-c1b4964068cc	0dbcd934-390a-4891-98c5-7ffcd2236848	f0f8e04d-4074-4a5e-acfb-b2a79f886cc2	active	2020-03-21 02:44:29.806063	2020-03-21 02:44:29.806063	9.99	6055e73b-75e8-4ac6-8db0-eb76c88dc770	English
2638dfff-94ec-421f-b39f-4d0c0fae4229	0dbcd934-390a-4891-98c5-7ffcd2236848	f112e1b8-033c-4f01-8665-203f067fb391	active	2020-03-21 02:44:29.812015	2020-03-21 02:44:29.812015	9.99	5d698577-3db5-4b45-b222-161b6e8c4516	English
3198683e-5c16-480b-a9f0-892acf47e922	0dbcd934-390a-4891-98c5-7ffcd2236848	f1e090ce-c20e-4e84-a028-34d25e58b1d5	active	2020-03-21 02:44:29.816094	2020-03-21 02:44:29.816094	9.99	4104466c-37de-41b3-b469-4f13fc7d4068	English
a895c80a-b190-43c0-9b22-3225c429442c	0dbcd934-390a-4891-98c5-7ffcd2236848	f1ec4508-33bf-47a8-8e70-cf2a45a7345a	active	2020-03-21 02:44:29.819921	2020-03-21 02:44:29.819921	9.99	fbc82452-2099-4ad3-93ce-7aa302eca0c1	English
49d7d289-08c6-4574-8df5-f76e214b1720	0dbcd934-390a-4891-98c5-7ffcd2236848	f2bfa96c-7ef0-42c7-95ce-42dbfd49644a	active	2020-03-21 02:44:29.822919	2020-03-21 02:44:29.822919	9.99	efb7ae70-311d-4c13-b872-73943dbdb94f	English
f3e61c38-ab22-4f8d-be3b-933bcece2a1d	0dbcd934-390a-4891-98c5-7ffcd2236848	f2ef1d82-78fd-4c3f-b84b-a398b3859f65	active	2020-03-21 02:44:29.826726	2020-03-21 02:44:29.826726	9.99	6809c7bc-ad39-40d6-bafe-35c9553b3ad9	English
f649c3db-e597-419f-9218-6c29121216f3	0dbcd934-390a-4891-98c5-7ffcd2236848	f4d2a7e3-5430-4077-a9b8-5685cc5b48d0	active	2020-03-21 02:44:29.831425	2020-03-21 02:44:29.831425	9.99	e929f5b8-06ca-4bbb-b35e-555adc08e62b	English
8b5ce556-f381-40ab-96b7-69e9a9037376	0dbcd934-390a-4891-98c5-7ffcd2236848	f5016b17-fc61-4e47-af01-ce995ad60638	active	2020-03-21 02:44:29.834672	2020-03-21 02:44:29.834672	9.99	5ee800bc-2131-43c0-8933-344243181709	English
c1ece42c-8583-4912-9033-1a58cff49d8b	0dbcd934-390a-4891-98c5-7ffcd2236848	f9b356e5-deb7-4bec-9c20-75992b569b7d	active	2020-03-21 02:44:29.837633	2020-03-21 02:44:29.837633	9.99	be978489-dc8b-42b4-ab79-ba8187db9dfd	English
d791c5e8-d3ee-4a92-8648-90cf926b8c2f	0dbcd934-390a-4891-98c5-7ffcd2236848	fb529e1a-e80e-434b-ba3a-1300e53637eb	active	2020-03-21 02:44:29.840588	2020-03-21 02:44:29.840588	9.99	7901eea4-b65d-4f65-821b-50bcb2b083ca	English
4e0131aa-889c-4139-8795-691313c4407e	0dbcd934-390a-4891-98c5-7ffcd2236848	fb7b4566-c810-4479-8fa0-97b10d37c40e	active	2020-03-21 02:44:29.843606	2020-03-21 02:44:29.843606	9.99	fae635f1-ebae-45b9-b408-01f9eefc962a	English
c23b94b0-77b0-4ee3-aa02-0610492f7526	0dbcd934-390a-4891-98c5-7ffcd2236848	fe5ef83f-2d6c-4db0-b4b8-17719600ba5d	active	2020-03-21 02:44:29.846869	2020-03-21 02:44:29.846869	9.99	996925a1-928e-4961-a076-1d00cf680f53	English
\.


--
-- Data for Name: library_settings; Type: TABLE DATA; Schema: public; Owner: sdbmich
--

COPY public.library_settings (id, borrow_days, max_item_quantity, max_borrow_quantity, library_id, created_at, updated_at) FROM stdin;
ded47ccb-e75a-494b-8747-5b3864063eb5	21	1	3	0dbcd934-390a-4891-98c5-7ffcd2236848	2020-04-23 21:48:05.941961	2020-04-23 21:48:05.941961
0483e9fb-9851-48d9-bfb7-db7e22a3ba3d	21	1	3	5b19296f-4edd-4355-b5db-bfd47b33f972	2020-04-23 21:49:30.843535	2020-04-23 21:49:30.843535
127e9ff8-c95e-4727-81e0-2a029daeae88	21	1	3	c980efe7-7c59-4e03-9f41-614ddd293e34	2020-04-23 21:50:03.064818	2020-04-23 21:50:03.064818
\.


--
-- Data for Name: library_users; Type: TABLE DATA; Schema: public; Owner: sdbmich
--

COPY public.library_users (id, user_id, library_id, created_at, updated_at) FROM stdin;
9a4e4aaa-81fc-4082-b074-9bf2ab9e565a	5bf61b3d-784e-4964-b8b4-0f030acb2f08	5b19296f-4edd-4355-b5db-bfd47b33f972	2020-09-10 02:56:45.32954	2020-09-10 02:56:45.32954
\.


--
-- Data for Name: memberships; Type: TABLE DATA; Schema: public; Owner: sdbmich
--

COPY public.memberships (id, card_no, status, library_id, user_id, created_at, updated_at, membership_type) FROM stdin;
235ec1a8-69d5-4be1-b7b1-1e6234844f63	3456789012	active	0dbcd934-390a-4891-98c5-7ffcd2236848	4dfbe520-9d1a-4731-b6f2-28af39e90ac7	2020-04-22 02:07:05.109994	2020-04-22 02:07:05.109994	\N
9dd0ae9b-904c-4bf5-940c-7deb589099b1	4567890123	active	0dbcd934-390a-4891-98c5-7ffcd2236848	8efc7ec3-a2e2-425a-b990-8cb011aa750b	2020-04-22 02:07:05.217095	2020-04-22 02:07:05.217095	\N
c13e20ae-b8fd-4d73-a457-0b928539562b	5678901234	active	c980efe7-7c59-4e03-9f41-614ddd293e34	6788a052-66d6-4dd0-9fef-c82ce02fc49a	2020-04-22 02:07:05.332356	2020-04-22 02:07:05.332356	\N
04b8d223-fbcc-41a8-8b32-5e9ac9a69755	6789012345	active	c980efe7-7c59-4e03-9f41-614ddd293e34	4593bba0-bf19-403d-bfae-f848d32a95cf	2020-04-22 02:07:05.448231	2020-04-22 02:07:05.448231	\N
23b600d6-8026-4d6b-9633-fc36642cea2a	2345678901	active	5b19296f-4edd-4355-b5db-bfd47b33f972	64a928df-476d-41a8-8948-5ef6d7839412	2020-04-22 02:07:05.001642	2020-08-15 21:55:21.747521	Child
9be60285-1d62-4395-bf73-916dd5426d05	1234567890	active	5b19296f-4edd-4355-b5db-bfd47b33f972	0c7fdfea-036e-44ad-8e00-5fae84f2b7d2	2020-04-22 02:07:04.79521	2020-08-15 21:55:40.108296	Adult
cd58f4a4-28b6-4f6e-9e6b-3ac5a42e5bac	7890123456	active	5b19296f-4edd-4355-b5db-bfd47b33f972	0e1fce75-e2e4-49d0-b8a9-f852aad10c51	2020-09-05 02:06:38.347244	2020-09-05 02:06:38.347244	Adult
\.


--
-- Data for Name: roles; Type: TABLE DATA; Schema: public; Owner: sdbmich
--

COPY public.roles (id, name, resource_type, resource_id, created_at, updated_at) FROM stdin;
0535486c-6a1d-4b0d-a578-621fca68d722	admin	\N	\N	2020-08-31 00:04:43.622127	2020-08-31 00:04:43.622127
ab4abb11-dfdc-4d5f-85a0-55f58ba0a926	library_admin	\N	\N	2020-08-31 00:27:56.739248	2020-08-31 00:27:56.739248
\.


--
-- Data for Name: schema_migrations; Type: TABLE DATA; Schema: public; Owner: sdbmich
--

COPY public.schema_migrations (version) FROM stdin;
20190519180330
20190519190335
20190519191417
20190519191454
20190519193338
20190519195356
20190519195531
20190519201458
20190519203859
20190519210354
20190519231301
20190519231502
20190519231649
20190519233713
20190520162341
20190520181539
20190520184818
20190520192630
20190520193305
20190520215025
20190520215130
20190520221723
20190521002326
20190521151820
20190521224249
20190525161010
20190525163134
20190525202604
20190525202652
20190525210841
20190525230229
20190526000808
20190527050317
20190528232628
20190529001613
20190529175155
20191222183740
20191230225828
20200107185305
20200112195548
20200413223954
20200603040209
20200701011533
20200701160815
20200703213440
20200802043259
20200802043540
20200830230823
20200830231612
20200902155911
20200910023918
20200910034802
20200914231427
\.


--
-- Data for Name: users; Type: TABLE DATA; Schema: public; Owner: sdbmich
--

COPY public.users (id, first_name, last_name, created_at, updated_at, email, encrypted_password, reset_password_token, reset_password_sent_at, remember_created_at, sign_in_count, current_sign_in_at, last_sign_in_at, current_sign_in_ip, last_sign_in_ip, authentication_token, status) FROM stdin;
972d67c0-e471-4983-bf5e-857c555a9967	Elina	Schinner	2020-04-22 01:32:22.744448	2020-04-22 01:32:22.744448	boyd_robel@littelmetz.net	$2a$11$BjfqLPtth81klEo9QXaF6.tSCRbikh.17c1dRy2Vh4IttET78XnAa	\N	\N	\N	0	\N	\N	\N	\N	gL3_N9erFdJauntR8RVK	active
4881e8f1-4c9b-4216-b170-4ed53f6e4982	Drew	Schaefer	2020-04-22 01:33:48.817642	2020-04-22 01:33:48.817642	shauna@hermiston.name	$2a$11$KVpWOQXBZrk1F5a6AgpL4eeX2SAWcuANHP8f2aEdT/CW.fsIqMwMC	\N	\N	\N	0	\N	\N	\N	\N	p8RQmSYvpiqYCAtspYex	active
1a440ebe-b067-4c75-9d86-7a3f5b68ddaa	Ariane	Bahringer	2020-04-22 01:33:48.932692	2020-04-22 01:33:48.932692	kymberly.witting@olson.io	$2a$11$.yk6dCT2L2Lq9IGLeJys4OSgZ.88CrqpKB5CX/nBFlPReMqx0Alf2	\N	\N	\N	0	\N	\N	\N	\N	VEpxhydrfG7mXpymDLHC	active
50f62d76-575b-4053-939f-6b379d010599	Sarai	DuBuque	2020-04-22 01:33:49.04009	2020-04-22 01:33:49.04009	rhett@beahan.info	$2a$11$5/Ex.v3fIWkxAS9eXvzfF.D1LjpTLIpJ045jxDV/Ucft90xT5s30W	\N	\N	\N	0	\N	\N	\N	\N	y1e25NG7xA-y-s7DViq6	active
f779df7f-687a-4dfc-8bc7-ee72ff2ef7ad	Charlette	Corkery	2020-04-22 01:33:49.147933	2020-04-22 01:33:49.147933	felicidad@beerjacobson.com	$2a$11$b4bXLkpgZxmDXcJbTH4CdehcLWLJ8sjGeGlOOLs6mP68cprdL9Pja	\N	\N	\N	0	\N	\N	\N	\N	MnrPMHcnvBTjCfNkqxKf	active
1034a0b0-d45d-414d-bd89-71bcf5c35a0d	Jo	Walsh	2020-04-22 01:33:49.258143	2020-04-22 01:33:49.258143	alexis.smitham@dicki.co	$2a$11$Fy0tIB9TKk2/1bef3mZcyugHwaB7zJx2y4niCP0NDr5DklbRcd9wO	\N	\N	\N	0	\N	\N	\N	\N	5_kSLdrzGMq7QcNNbQ-B	active
a3d38e87-60e7-4883-81f5-d644586e1fa3	Zachary	Mayer	2020-04-22 02:02:55.719949	2020-04-22 02:02:55.719949	margert@kuhic.biz	$2a$11$Ole.xtfyymd.sKQuvgAGDeUa6cBMtQJPb5dAJMP0Zi8Crna7JAZai	\N	\N	\N	0	\N	\N	\N	\N	84yyqyjxxG7EvcM1Q9aS	active
16b3f9a6-6017-4484-8e21-6b954b2703e2	Dillon	Schinner	2020-04-22 02:02:55.845089	2020-04-22 02:02:55.845089	manual@hamillrodriguez.info	$2a$11$y7byWcc7l8zYU9b2soT3xOMicshwdTQZCCscR8hkD206W6eMqBhtK	\N	\N	\N	0	\N	\N	\N	\N	FJmfhTKruJnCEgsMoo-3	active
7e434599-e762-4042-b431-dbed333805d1	Dario	Schmitt	2020-04-22 02:02:55.954742	2020-04-22 02:02:55.954742	clint_friesen@howe.info	$2a$11$ZkUwb23jDtOThV/X0Pgudu1g2lWkh6xskR7LfxJE5BDwg6EmuplmK	\N	\N	\N	0	\N	\N	\N	\N	Z1byyvEfXLy3cxaNj3BA	active
4e26c761-f315-424b-8406-2b2b7c6f86ee	Ulysses	Hyatt	2020-04-22 02:02:56.075667	2020-04-22 02:02:56.075667	malia@armstrong.net	$2a$11$JFYmWqv.rR0FEcTZl7JNxOedOghsgcsNxGZLIiBxgVMrOFm2SlQzi	\N	\N	\N	0	\N	\N	\N	\N	k1_PVA-fuMYifQYUKM4N	active
3c963c10-a6ae-4178-9df2-28b64739fcc3	Augustine	Howe	2020-04-22 02:02:56.183498	2020-04-22 02:02:56.183498	bart.champlin@harris.name	$2a$11$3pTS7FonBnj39mPM0L1GbufLU8snP4c7Bi49HZ6XRaHa.CZeyM0YS	\N	\N	\N	0	\N	\N	\N	\N	WyCjcs_PxtCRn3aMKiY2	active
4dfbe520-9d1a-4731-b6f2-28af39e90ac7	Steve	Kiehn	2020-04-22 02:07:05.104515	2020-04-22 02:07:05.104515	ilana@barton.org	$2a$11$GeDjiVy6CX3ttkQNn3/kFuhwBryOsuMq6YUWFoPv3wf/D9SOg6tci	\N	\N	\N	0	\N	\N	\N	\N	MoFJbtTggyzsyXihy7mj	active
8efc7ec3-a2e2-425a-b990-8cb011aa750b	Samantha	O'Hara	2020-04-22 02:07:05.210961	2020-04-22 02:07:05.210961	gerard.bode@kubwunsch.com	$2a$11$ml7fKjhwkRg6I0O4.SW6bOxc7mblSrdW4S8mhTec3Wq.ObWjIl0A6	\N	\N	\N	0	\N	\N	\N	\N	sUnQL3HF5KddWas4xNPx	active
6788a052-66d6-4dd0-9fef-c82ce02fc49a	Christopher	Carter	2020-04-22 02:07:05.327092	2020-04-22 02:07:05.327092	dian.wilkinson@skiles.name	$2a$11$I3a0WNWdaMbPIYEbfpQVgezdwXspFpAqzDJUHnRizUg7vSGMxYlNy	\N	\N	\N	0	\N	\N	\N	\N	f9xFK_ft9x_Fz8byPYiz	active
4593bba0-bf19-403d-bfae-f848d32a95cf	Alise	Connelly	2020-04-22 02:07:05.442693	2020-04-22 02:07:05.442693	devon_nitzsche@kris.net	$2a$11$v2f4J.7JZFTQsTAcsAGOiuo.sf.nqrmYXvPthl6s96wJx0jZ9rrxe	\N	\N	\N	0	\N	\N	\N	\N	_XJ4HsYgxsWxhqerfsaM	active
522341f0-c164-4c06-b822-14c8c7411f27	Sean	Brown	2020-09-09 02:45:18.340686	2020-09-09 02:45:18.340686	sbrown@bcaf.digital	$2a$11$Tb2x1hbdy67Go9.VY8WsOuufiStzUCrNpfWwB3JSwzaXdEZv0/Yxu	\N	\N	\N	0	\N	\N	\N	\N	vzudSz8dArp-Y1zDv1Qe	active
5bf61b3d-784e-4964-b8b4-0f030acb2f08	Shellie	Test	2020-08-31 00:27:56.735852	2020-09-10 06:10:04.927256	shellie_test@sfpl.org	$2a$11$qYgQ.1T09r8OnQECYMn/fOHxbAchsodD3WxEVq9irmfXrzWOXWe1G	\N	\N	\N	1	2020-09-10 06:10:04.926084	2020-09-10 06:10:04.926084	::1	::1	Vc5wJ1TbtA6zQHMfDys2	active
0c7fdfea-036e-44ad-8e00-5fae84f2b7d2	Sean	Brown	2020-01-15 20:26:16.246374	2020-09-11 00:31:21.086386	sdbmich@yahoo.com	$2a$11$J8LqN8IpIsfHXT9y7zOPCOGbRiaxoUx2GntsO3i9o3H8zrmXbi0dy	\N	\N	\N	32	2020-09-11 00:31:21.085129	2020-09-09 01:33:45.255868	::1	::1	QdukahqLzem1i-yURd1-	active
4f41afbd-0f0c-4e1e-ac87-0496c6a146a8	Sean	Brown	2020-08-31 00:04:27.163012	2020-08-31 00:04:27.163012	sbrown@pecantv.com	$2a$11$Y9.9YWfBQ4co9O11j6Kq4.DviWbZZn/ssEPLw/aY3lylsADrpttai	\N	\N	\N	0	\N	\N	\N	\N	fnpGt7ymBqXyBRuWFo7M	active
0e1fce75-e2e4-49d0-b8a9-f852aad10c51	Greg	Test	2020-09-05 01:54:49.124077	2020-09-05 01:54:49.124077	greg@test.com	$2a$11$c8Gf5MrS5O8kWpCqoC9hIuKzU2m9yw7oFqFfBLR5RJ3YL2QaQqLbG	\N	\N	\N	0	\N	\N	\N	\N	d8_vUyZiWrasP7uw2-_h	active
64a928df-476d-41a8-8948-5ef6d7839412	Ivy	O'Conner	2020-04-22 02:07:04.995985	2020-09-07 02:51:19.88449	ioconner@test.com	$2a$11$l6YrDiNd2QdrUvKys8J6g.lDC4RXQ00m9Kj37l7Fj4BUwbijp3RAW	\N	\N	\N	10	2020-09-07 02:51:19.883225	2020-09-05 01:47:52.083096	::1	::1	DEQkPw7TuTzydzSHZo-V	active
\.


--
-- Data for Name: users_roles; Type: TABLE DATA; Schema: public; Owner: sdbmich
--

COPY public.users_roles (user_id, role_id) FROM stdin;
4f41afbd-0f0c-4e1e-ac87-0496c6a146a8	0535486c-6a1d-4b0d-a578-621fca68d722
5bf61b3d-784e-4964-b8b4-0f030acb2f08	ab4abb11-dfdc-4d5f-85a0-55f58ba0a926
522341f0-c164-4c06-b822-14c8c7411f27	0535486c-6a1d-4b0d-a578-621fca68d722
\.


--
-- Name: active_storage_attachments active_storage_attachments_pkey; Type: CONSTRAINT; Schema: public; Owner: sdbmich
--

ALTER TABLE ONLY public.active_storage_attachments
    ADD CONSTRAINT active_storage_attachments_pkey PRIMARY KEY (id);


--
-- Name: active_storage_blobs active_storage_blobs_pkey; Type: CONSTRAINT; Schema: public; Owner: sdbmich
--

ALTER TABLE ONLY public.active_storage_blobs
    ADD CONSTRAINT active_storage_blobs_pkey PRIMARY KEY (id);


--
-- Name: addresses addresses_pkey; Type: CONSTRAINT; Schema: public; Owner: sdbmich
--

ALTER TABLE ONLY public.addresses
    ADD CONSTRAINT addresses_pkey PRIMARY KEY (id);


--
-- Name: ar_internal_metadata ar_internal_metadata_pkey; Type: CONSTRAINT; Schema: public; Owner: sdbmich
--

ALTER TABLE ONLY public.ar_internal_metadata
    ADD CONSTRAINT ar_internal_metadata_pkey PRIMARY KEY (key);


--
-- Name: bcaf_settings bcaf_settings_pkey; Type: CONSTRAINT; Schema: public; Owner: sdbmich
--

ALTER TABLE ONLY public.bcaf_settings
    ADD CONSTRAINT bcaf_settings_pkey PRIMARY KEY (id);


--
-- Name: borrowed_items borrowed_items_pkey; Type: CONSTRAINT; Schema: public; Owner: sdbmich
--

ALTER TABLE ONLY public.borrowed_items
    ADD CONSTRAINT borrowed_items_pkey PRIMARY KEY (id);


--
-- Name: favorite_items favorite_items_pkey; Type: CONSTRAINT; Schema: public; Owner: sdbmich
--

ALTER TABLE ONLY public.favorite_items
    ADD CONSTRAINT favorite_items_pkey PRIMARY KEY (id);


--
-- Name: featured_items featured_items_pkey; Type: CONSTRAINT; Schema: public; Owner: sdbmich
--

ALTER TABLE ONLY public.featured_items
    ADD CONSTRAINT featured_items_pkey PRIMARY KEY (id);


--
-- Name: images images_pkey; Type: CONSTRAINT; Schema: public; Owner: sdbmich
--

ALTER TABLE ONLY public.images
    ADD CONSTRAINT images_pkey PRIMARY KEY (id);


--
-- Name: invoice_details invoice_details_pkey; Type: CONSTRAINT; Schema: public; Owner: sdbmich
--

ALTER TABLE ONLY public.invoice_details
    ADD CONSTRAINT invoice_details_pkey PRIMARY KEY (id);


--
-- Name: invoices invoices_pkey; Type: CONSTRAINT; Schema: public; Owner: sdbmich
--

ALTER TABLE ONLY public.invoices
    ADD CONSTRAINT invoices_pkey PRIMARY KEY (id);


--
-- Name: items items_pkey; Type: CONSTRAINT; Schema: public; Owner: sdbmich
--

ALTER TABLE ONLY public.items
    ADD CONSTRAINT items_pkey PRIMARY KEY (id);


--
-- Name: libraries libraries_pkey; Type: CONSTRAINT; Schema: public; Owner: sdbmich
--

ALTER TABLE ONLY public.libraries
    ADD CONSTRAINT libraries_pkey PRIMARY KEY (id);


--
-- Name: library_users library_admins_pkey; Type: CONSTRAINT; Schema: public; Owner: sdbmich
--

ALTER TABLE ONLY public.library_users
    ADD CONSTRAINT library_admins_pkey PRIMARY KEY (id);


--
-- Name: library_cards library_cards_pkey; Type: CONSTRAINT; Schema: public; Owner: sdbmich
--

ALTER TABLE ONLY public.library_cards
    ADD CONSTRAINT library_cards_pkey PRIMARY KEY (id);


--
-- Name: library_items library_items_pkey; Type: CONSTRAINT; Schema: public; Owner: sdbmich
--

ALTER TABLE ONLY public.library_items
    ADD CONSTRAINT library_items_pkey PRIMARY KEY (id);


--
-- Name: library_settings library_settings_pkey; Type: CONSTRAINT; Schema: public; Owner: sdbmich
--

ALTER TABLE ONLY public.library_settings
    ADD CONSTRAINT library_settings_pkey PRIMARY KEY (id);


--
-- Name: memberships members_pkey; Type: CONSTRAINT; Schema: public; Owner: sdbmich
--

ALTER TABLE ONLY public.memberships
    ADD CONSTRAINT members_pkey PRIMARY KEY (id);


--
-- Name: roles roles_pkey; Type: CONSTRAINT; Schema: public; Owner: sdbmich
--

ALTER TABLE ONLY public.roles
    ADD CONSTRAINT roles_pkey PRIMARY KEY (id);


--
-- Name: schema_migrations schema_migrations_pkey; Type: CONSTRAINT; Schema: public; Owner: sdbmich
--

ALTER TABLE ONLY public.schema_migrations
    ADD CONSTRAINT schema_migrations_pkey PRIMARY KEY (version);


--
-- Name: users users_pkey; Type: CONSTRAINT; Schema: public; Owner: sdbmich
--

ALTER TABLE ONLY public.users
    ADD CONSTRAINT users_pkey PRIMARY KEY (id);


--
-- Name: index_active_storage_attachments_on_blob_id; Type: INDEX; Schema: public; Owner: sdbmich
--

CREATE INDEX index_active_storage_attachments_on_blob_id ON public.active_storage_attachments USING btree (blob_id);


--
-- Name: index_active_storage_attachments_uniqueness; Type: INDEX; Schema: public; Owner: sdbmich
--

CREATE UNIQUE INDEX index_active_storage_attachments_uniqueness ON public.active_storage_attachments USING btree (record_type, record_id, name, blob_id);


--
-- Name: index_active_storage_blobs_on_key; Type: INDEX; Schema: public; Owner: sdbmich
--

CREATE UNIQUE INDEX index_active_storage_blobs_on_key ON public.active_storage_blobs USING btree (key);


--
-- Name: index_addresses_on_addressable_type_and_addressable_id; Type: INDEX; Schema: public; Owner: sdbmich
--

CREATE INDEX index_addresses_on_addressable_type_and_addressable_id ON public.addresses USING btree (addressable_type, addressable_id);


--
-- Name: index_borrowed_items_on_library_item_id; Type: INDEX; Schema: public; Owner: sdbmich
--

CREATE INDEX index_borrowed_items_on_library_item_id ON public.borrowed_items USING btree (library_item_id);


--
-- Name: index_borrowed_items_on_membership_id; Type: INDEX; Schema: public; Owner: sdbmich
--

CREATE INDEX index_borrowed_items_on_membership_id ON public.borrowed_items USING btree (membership_id);


--
-- Name: index_borrowed_items_on_status; Type: INDEX; Schema: public; Owner: sdbmich
--

CREATE INDEX index_borrowed_items_on_status ON public.borrowed_items USING btree (status);


--
-- Name: index_favorite_items_on_library_item_id; Type: INDEX; Schema: public; Owner: sdbmich
--

CREATE INDEX index_favorite_items_on_library_item_id ON public.favorite_items USING btree (library_item_id);


--
-- Name: index_favorite_items_on_membership_id; Type: INDEX; Schema: public; Owner: sdbmich
--

CREATE INDEX index_favorite_items_on_membership_id ON public.favorite_items USING btree (membership_id);


--
-- Name: index_featured_items_on_library_item_id; Type: INDEX; Schema: public; Owner: sdbmich
--

CREATE INDEX index_featured_items_on_library_item_id ON public.featured_items USING btree (library_item_id);


--
-- Name: index_images_on_imageable_type_and_imageable_id; Type: INDEX; Schema: public; Owner: sdbmich
--

CREATE INDEX index_images_on_imageable_type_and_imageable_id ON public.images USING btree (imageable_type, imageable_id);


--
-- Name: index_invoice_details_on_borrowed_item_id; Type: INDEX; Schema: public; Owner: sdbmich
--

CREATE INDEX index_invoice_details_on_borrowed_item_id ON public.invoice_details USING btree (borrowed_item_id);


--
-- Name: index_invoice_details_on_invoice_id; Type: INDEX; Schema: public; Owner: sdbmich
--

CREATE INDEX index_invoice_details_on_invoice_id ON public.invoice_details USING btree (invoice_id);


--
-- Name: index_invoices_on_library_id; Type: INDEX; Schema: public; Owner: sdbmich
--

CREATE INDEX index_invoices_on_library_id ON public.invoices USING btree (library_id);


--
-- Name: index_invoices_on_status; Type: INDEX; Schema: public; Owner: sdbmich
--

CREATE INDEX index_invoices_on_status ON public.invoices USING btree (status);


--
-- Name: index_items_on_status; Type: INDEX; Schema: public; Owner: sdbmich
--

CREATE INDEX index_items_on_status ON public.items USING btree (status);


--
-- Name: index_libraries_on_domain; Type: INDEX; Schema: public; Owner: sdbmich
--

CREATE INDEX index_libraries_on_domain ON public.libraries USING btree (domain);


--
-- Name: index_library_cards_on_card_id; Type: INDEX; Schema: public; Owner: sdbmich
--

CREATE INDEX index_library_cards_on_card_id ON public.library_cards USING btree (card_id);


--
-- Name: index_library_cards_on_library_key; Type: INDEX; Schema: public; Owner: sdbmich
--

CREATE INDEX index_library_cards_on_library_key ON public.library_cards USING btree (library_key);


--
-- Name: index_library_items_on_item_id; Type: INDEX; Schema: public; Owner: sdbmich
--

CREATE INDEX index_library_items_on_item_id ON public.library_items USING btree (item_id);


--
-- Name: index_library_items_on_library_id; Type: INDEX; Schema: public; Owner: sdbmich
--

CREATE INDEX index_library_items_on_library_id ON public.library_items USING btree (library_id);


--
-- Name: index_library_settings_on_library_id; Type: INDEX; Schema: public; Owner: sdbmich
--

CREATE INDEX index_library_settings_on_library_id ON public.library_settings USING btree (library_id);


--
-- Name: index_library_users_on_library_id; Type: INDEX; Schema: public; Owner: sdbmich
--

CREATE INDEX index_library_users_on_library_id ON public.library_users USING btree (library_id);


--
-- Name: index_library_users_on_user_id; Type: INDEX; Schema: public; Owner: sdbmich
--

CREATE INDEX index_library_users_on_user_id ON public.library_users USING btree (user_id);


--
-- Name: index_memberships_on_library_id; Type: INDEX; Schema: public; Owner: sdbmich
--

CREATE INDEX index_memberships_on_library_id ON public.memberships USING btree (library_id);


--
-- Name: index_memberships_on_user_id; Type: INDEX; Schema: public; Owner: sdbmich
--

CREATE INDEX index_memberships_on_user_id ON public.memberships USING btree (user_id);


--
-- Name: index_roles_on_name_and_resource_type_and_resource_id; Type: INDEX; Schema: public; Owner: sdbmich
--

CREATE INDEX index_roles_on_name_and_resource_type_and_resource_id ON public.roles USING btree (name, resource_type, resource_id);


--
-- Name: index_roles_on_resource_type_and_resource_id; Type: INDEX; Schema: public; Owner: sdbmich
--

CREATE INDEX index_roles_on_resource_type_and_resource_id ON public.roles USING btree (resource_type, resource_id);


--
-- Name: index_users_on_authentication_token; Type: INDEX; Schema: public; Owner: sdbmich
--

CREATE UNIQUE INDEX index_users_on_authentication_token ON public.users USING btree (authentication_token);


--
-- Name: index_users_on_email; Type: INDEX; Schema: public; Owner: sdbmich
--

CREATE UNIQUE INDEX index_users_on_email ON public.users USING btree (email);


--
-- Name: index_users_on_reset_password_token; Type: INDEX; Schema: public; Owner: sdbmich
--

CREATE UNIQUE INDEX index_users_on_reset_password_token ON public.users USING btree (reset_password_token);


--
-- Name: index_users_on_status; Type: INDEX; Schema: public; Owner: sdbmich
--

CREATE INDEX index_users_on_status ON public.users USING btree (status);


--
-- Name: index_users_roles_on_role_id; Type: INDEX; Schema: public; Owner: sdbmich
--

CREATE INDEX index_users_roles_on_role_id ON public.users_roles USING btree (role_id);


--
-- Name: index_users_roles_on_user_id; Type: INDEX; Schema: public; Owner: sdbmich
--

CREATE INDEX index_users_roles_on_user_id ON public.users_roles USING btree (user_id);


--
-- Name: index_users_roles_on_user_id_and_role_id; Type: INDEX; Schema: public; Owner: sdbmich
--

CREATE INDEX index_users_roles_on_user_id_and_role_id ON public.users_roles USING btree (user_id, role_id);


--
-- Name: invoices fk_rails_0af90300bd; Type: FK CONSTRAINT; Schema: public; Owner: sdbmich
--

ALTER TABLE ONLY public.invoices
    ADD CONSTRAINT fk_rails_0af90300bd FOREIGN KEY (library_id) REFERENCES public.libraries(id);


--
-- Name: favorite_items fk_rails_15311c499e; Type: FK CONSTRAINT; Schema: public; Owner: sdbmich
--

ALTER TABLE ONLY public.favorite_items
    ADD CONSTRAINT fk_rails_15311c499e FOREIGN KEY (library_item_id) REFERENCES public.library_items(id);


--
-- Name: invoice_details fk_rails_1e866fc02d; Type: FK CONSTRAINT; Schema: public; Owner: sdbmich
--

ALTER TABLE ONLY public.invoice_details
    ADD CONSTRAINT fk_rails_1e866fc02d FOREIGN KEY (borrowed_item_id) REFERENCES public.borrowed_items(id);


--
-- Name: library_items fk_rails_2655fcebfb; Type: FK CONSTRAINT; Schema: public; Owner: sdbmich
--

ALTER TABLE ONLY public.library_items
    ADD CONSTRAINT fk_rails_2655fcebfb FOREIGN KEY (library_id) REFERENCES public.libraries(id);


--
-- Name: memberships fk_rails_2e88fb7ce9; Type: FK CONSTRAINT; Schema: public; Owner: sdbmich
--

ALTER TABLE ONLY public.memberships
    ADD CONSTRAINT fk_rails_2e88fb7ce9 FOREIGN KEY (user_id) REFERENCES public.users(id);


--
-- Name: users_roles fk_rails_4a41696df6; Type: FK CONSTRAINT; Schema: public; Owner: sdbmich
--

ALTER TABLE ONLY public.users_roles
    ADD CONSTRAINT fk_rails_4a41696df6 FOREIGN KEY (user_id) REFERENCES public.users(id);


--
-- Name: library_users fk_rails_5ee3ea1377; Type: FK CONSTRAINT; Schema: public; Owner: sdbmich
--

ALTER TABLE ONLY public.library_users
    ADD CONSTRAINT fk_rails_5ee3ea1377 FOREIGN KEY (user_id) REFERENCES public.users(id);


--
-- Name: featured_items fk_rails_673bcbdae5; Type: FK CONSTRAINT; Schema: public; Owner: sdbmich
--

ALTER TABLE ONLY public.featured_items
    ADD CONSTRAINT fk_rails_673bcbdae5 FOREIGN KEY (library_item_id) REFERENCES public.library_items(id);


--
-- Name: library_users fk_rails_b1dc3f1fcb; Type: FK CONSTRAINT; Schema: public; Owner: sdbmich
--

ALTER TABLE ONLY public.library_users
    ADD CONSTRAINT fk_rails_b1dc3f1fcb FOREIGN KEY (library_id) REFERENCES public.libraries(id);


--
-- Name: borrowed_items fk_rails_b27fac3f15; Type: FK CONSTRAINT; Schema: public; Owner: sdbmich
--

ALTER TABLE ONLY public.borrowed_items
    ADD CONSTRAINT fk_rails_b27fac3f15 FOREIGN KEY (library_item_id) REFERENCES public.library_items(id);


--
-- Name: favorite_items fk_rails_be96addf69; Type: FK CONSTRAINT; Schema: public; Owner: sdbmich
--

ALTER TABLE ONLY public.favorite_items
    ADD CONSTRAINT fk_rails_be96addf69 FOREIGN KEY (membership_id) REFERENCES public.memberships(id);


--
-- Name: library_settings fk_rails_c18b491d9f; Type: FK CONSTRAINT; Schema: public; Owner: sdbmich
--

ALTER TABLE ONLY public.library_settings
    ADD CONSTRAINT fk_rails_c18b491d9f FOREIGN KEY (library_id) REFERENCES public.libraries(id);


--
-- Name: memberships fk_rails_c1b1972aa6; Type: FK CONSTRAINT; Schema: public; Owner: sdbmich
--

ALTER TABLE ONLY public.memberships
    ADD CONSTRAINT fk_rails_c1b1972aa6 FOREIGN KEY (library_id) REFERENCES public.libraries(id);


--
-- Name: active_storage_attachments fk_rails_c3b3935057; Type: FK CONSTRAINT; Schema: public; Owner: sdbmich
--

ALTER TABLE ONLY public.active_storage_attachments
    ADD CONSTRAINT fk_rails_c3b3935057 FOREIGN KEY (blob_id) REFERENCES public.active_storage_blobs(id);


--
-- Name: invoice_details fk_rails_e5cda32dbb; Type: FK CONSTRAINT; Schema: public; Owner: sdbmich
--

ALTER TABLE ONLY public.invoice_details
    ADD CONSTRAINT fk_rails_e5cda32dbb FOREIGN KEY (invoice_id) REFERENCES public.invoices(id);


--
-- Name: borrowed_items fk_rails_e8fb89a76d; Type: FK CONSTRAINT; Schema: public; Owner: sdbmich
--

ALTER TABLE ONLY public.borrowed_items
    ADD CONSTRAINT fk_rails_e8fb89a76d FOREIGN KEY (membership_id) REFERENCES public.memberships(id);


--
-- Name: users_roles fk_rails_eb7b4658f8; Type: FK CONSTRAINT; Schema: public; Owner: sdbmich
--

ALTER TABLE ONLY public.users_roles
    ADD CONSTRAINT fk_rails_eb7b4658f8 FOREIGN KEY (role_id) REFERENCES public.roles(id);


--
-- Name: library_items fk_rails_f8ad459eda; Type: FK CONSTRAINT; Schema: public; Owner: sdbmich
--

ALTER TABLE ONLY public.library_items
    ADD CONSTRAINT fk_rails_f8ad459eda FOREIGN KEY (item_id) REFERENCES public.items(id);


--
-- PostgreSQL database dump complete
--

